Datetime,Open,High,Low,Close,Volume
2026-02-03 09:00:00,1325.0,1325.0,1305.0,1310.0,0
2026-02-03 09:05:00,1310.0,1310.0,1300.0,1300.0,8200
2026-02-03 09:10:00,1295.0,1300.0,1295.0,1300.0,110400
2026-02-03 09:15:00,1300.0,1310.0,1300.0,1300.0,22500
2026-02-03 09:20:00,1310.0,1315.0,1305.0,1315.0,25500
2026-02-03 09:25:00,1315.0,1315.0,1310.0,1315.0,30800
2026-02-03 09:30:00,1315.0,1315.0,1310.0,1310.0,23900
2026-02-03 09:35:00,1310.0,1320.0,1310.0,1315.0,17900
2026-02-03 09:40:00,1315.0,1320.0,1310.0,1310.0,6000
2026-02-03 09:45:00,1320.0,1320.0,1310.0,1310.0,9300
2026-02-03 09:50:00,1320.0,1320.0,1310.0,1320.0,22200
2026-02-03 09:55:00,1310.0,1320.0,1310.0,1320.0,31400
2026-02-03 10:00:00,1320.0,1320.0,1310.0,1320.0,5900
2026-02-03 10:05:00,1315.0,1320.0,1315.0,1320.0,9600
2026-02-03 10:10:00,1320.0,1320.0,1320.0,1320.0,5300
2026-02-03 10:15:00,1320.0,1320.0,1315.0,1315.0,6500
2026-02-03 10:20:00,1315.0,1320.0,1315.0,1315.0,0
2026-02-03 10:25:00,1320.0,1320.0,1315.0,1320.0,4100
2026-02-03 10:30:00,1315.0,1315.0,1315.0,1315.0,4200
2026-02-03 10:35:00,1315.0,1320.0,1315.0,1315.0,6100
2026-02-03 10:40:00,1315.0,1315.0,1315.0,1315.0,200
2026-02-03 10:45:00,1315.0,1315.0,1315.0,1315.0,3400
2026-02-03 10:50:00,1320.0,1320.0,1315.0,1315.0,1100
2026-02-03 10:55:00,1315.0,1315.0,1310.0,1315.0,36100
2026-02-03 11:00:00,1315.0,1315.0,1315.0,1315.0,200
2026-02-03 11:05:00,1320.0,1320.0,1315.0,1320.0,1400
2026-02-03 11:10:00,1315.0,1320.0,1315.0,1315.0,1700
2026-02-03 11:15:00,1315.0,1315.0,1315.0,1315.0,200
2026-02-03 11:25:00,1315.0,1325.0,1315.0,1325.0,114100
2026-02-03 11:30:00,1320.0,1325.0,1315.0,1320.0,87200
2026-02-03 11:35:00,1320.0,1320.0,1315.0,1315.0,21800
2026-02-03 11:40:00,1320.0,1320.0,1320.0,1320.0,12700
2026-02-03 11:45:00,1315.0,1320.0,1315.0,1315.0,39700
2026-02-03 11:50:00,1315.0,1315.0,1310.0,1310.0,187200
2026-02-03 11:55:00,1310.0,1310.0,1305.0,1305.0,46100
2026-02-03 13:30:00,1310.0,1315.0,1305.0,1310.0,68900
2026-02-03 13:35:00,1315.0,1315.0,1310.0,1310.0,7400
2026-02-03 13:40:00,1315.0,1315.0,1310.0,1310.0,79400
2026-02-03 13:50:00,1310.0,1310.0,1300.0,1300.0,112900
2026-02-03 13:55:00,1300.0,1305.0,1300.0,1305.0,112800
2026-02-03 14:00:00,1305.0,1310.0,1305.0,1305.0,500
2026-02-03 14:05:00,1310.0,1310.0,1305.0,1310.0,10100
2026-02-03 14:10:00,1310.0,1310.0,1310.0,1310.0,2300
2026-02-03 14:15:00,1310.0,1310.0,1310.0,1310.0,12100
2026-02-03 14:20:00,1305.0,1310.0,1305.0,1310.0,14900
2026-02-03 14:25:00,1310.0,1315.0,1310.0,1315.0,40500
2026-02-03 14:30:00,1315.0,1315.0,1310.0,1310.0,44000
2026-02-03 14:35:00,1310.0,1310.0,1310.0,1310.0,4200
2026-02-03 14:40:00,1310.0,1310.0,1310.0,1310.0,37900
2026-02-03 14:45:00,1310.0,1310.0,1310.0,1310.0,14800
2026-02-03 14:50:00,1310.0,1310.0,1305.0,1305.0,54000
2026-02-03 14:55:00,1305.0,1310.0,1305.0,1305.0,7800
2026-02-03 15:00:00,1310.0,1315.0,1310.0,1315.0,116900
2026-02-03 15:05:00,1315.0,1315.0,1310.0,1310.0,36200
2026-02-03 15:10:00,1315.0,1315.0,1310.0,1315.0,6100
2026-02-03 15:15:00,1315.0,1315.0,1310.0,1310.0,15400
2026-02-03 15:20:00,1315.0,1315.0,1310.0,1310.0,19800
2026-02-03 15:25:00,1315.0,1320.0,1310.0,1320.0,55400
2026-02-03 15:30:00,1315.0,1320.0,1310.0,1310.0,95800
2026-02-03 15:35:00,1315.0,1315.0,1310.0,1315.0,20500
2026-02-03 15:40:00,1310.0,1315.0,1310.0,1315.0,54800
2026-02-03 15:45:00,1320.0,1320.0,1310.0,1310.0,43600
2026-02-03 16:00:00,1305.0,1305.0,1305.0,1305.0,159700
2026-02-04 09:00:00,1310.0,1310.0,1305.0,1310.0,0
2026-02-04 09:05:00,1310.0,1315.0,1305.0,1305.0,51400
2026-02-04 09:10:00,1310.0,1315.0,1305.0,1305.0,17300
2026-02-04 09:15:00,1310.0,1310.0,1305.0,1305.0,1700
2026-02-04 09:20:00,1310.0,1310.0,1305.0,1310.0,107100
2026-02-04 09:25:00,1305.0,1305.0,1300.0,1305.0,19300
2026-02-04 09:30:00,1305.0,1305.0,1300.0,1300.0,30700
2026-02-04 09:35:00,1300.0,1300.0,1300.0,1300.0,1200
2026-02-04 09:40:00,1300.0,1300.0,1300.0,1300.0,0
2026-02-04 09:45:00,1310.0,1310.0,1300.0,1300.0,43700
2026-02-04 09:50:00,1300.0,1305.0,1300.0,1305.0,1800
2026-02-04 09:55:00,1305.0,1305.0,1305.0,1305.0,1400
2026-02-04 10:00:00,1300.0,1305.0,1300.0,1300.0,125800
2026-02-04 10:05:00,1305.0,1305.0,1300.0,1300.0,6100
2026-02-04 10:10:00,1300.0,1305.0,1300.0,1305.0,67000
2026-02-04 10:15:00,1305.0,1305.0,1305.0,1305.0,11600
2026-02-04 10:20:00,1300.0,1305.0,1300.0,1300.0,11200
2026-02-04 10:25:00,1305.0,1305.0,1300.0,1300.0,0
2026-02-04 10:30:00,1300.0,1305.0,1300.0,1300.0,29000
2026-02-04 10:35:00,1300.0,1305.0,1300.0,1300.0,3400
2026-02-04 10:40:00,1300.0,1300.0,1300.0,1300.0,200
2026-02-04 10:45:00,1305.0,1305.0,1295.0,1295.0,230200
2026-02-04 10:50:00,1300.0,1300.0,1295.0,1295.0,17800
2026-02-04 10:55:00,1300.0,1300.0,1300.0,1300.0,226900
2026-02-04 11:00:00,1300.0,1300.0,1295.0,1295.0,250400
2026-02-04 11:05:00,1295.0,1300.0,1295.0,1300.0,87300
2026-02-04 11:10:00,1300.0,1305.0,1300.0,1305.0,93500
2026-02-04 11:15:00,1305.0,1305.0,1305.0,1305.0,0
2026-02-04 11:20:00,1300.0,1300.0,1300.0,1300.0,400
2026-02-04 11:25:00,1305.0,1305.0,1300.0,1300.0,21900
2026-02-04 11:30:00,1300.0,1305.0,1300.0,1300.0,2800
2026-02-04 11:35:00,1305.0,1305.0,1300.0,1300.0,800
2026-02-04 11:40:00,1305.0,1305.0,1300.0,1300.0,5500
2026-02-04 11:45:00,1300.0,1305.0,1300.0,1305.0,13900
2026-02-04 11:50:00,1305.0,1305.0,1305.0,1305.0,12200
2026-02-04 11:55:00,1305.0,1305.0,1300.0,1300.0,9400
2026-02-04 13:30:00,1305.0,1305.0,1300.0,1305.0,16000
2026-02-04 13:35:00,1305.0,1305.0,1300.0,1300.0,6600
2026-02-04 13:40:00,1300.0,1300.0,1300.0,1300.0,1700
2026-02-04 13:45:00,1300.0,1300.0,1300.0,1300.0,12800
2026-02-04 13:50:00,1305.0,1305.0,1300.0,1305.0,89600
2026-02-04 13:55:00,1305.0,1305.0,1300.0,1300.0,32200
2026-02-04 14:00:00,1300.0,1300.0,1300.0,1300.0,0
2026-02-04 14:05:00,1300.0,1305.0,1300.0,1305.0,182700
2026-02-04 14:10:00,1305.0,1305.0,1305.0,1305.0,48000
2026-02-04 14:15:00,1305.0,1305.0,1300.0,1300.0,16700
2026-02-04 14:20:00,1305.0,1305.0,1305.0,1305.0,2200
2026-02-04 14:25:00,1305.0,1310.0,1305.0,1310.0,117800
2026-02-04 14:30:00,1310.0,1310.0,1305.0,1310.0,101600
2026-02-04 14:35:00,1310.0,1310.0,1305.0,1310.0,34100
2026-02-04 14:40:00,1310.0,1310.0,1305.0,1305.0,9400
2026-02-04 14:45:00,1310.0,1310.0,1305.0,1305.0,700
2026-02-04 14:55:00,1305.0,1305.0,1305.0,1305.0,200
2026-02-04 15:00:00,1305.0,1310.0,1305.0,1310.0,26900
2026-02-04 15:05:00,1310.0,1310.0,1310.0,1310.0,1000
2026-02-04 15:10:00,1305.0,1305.0,1305.0,1305.0,7100
2026-02-04 15:15:00,1305.0,1310.0,1305.0,1310.0,1500
2026-02-04 15:20:00,1310.0,1310.0,1305.0,1310.0,2500
2026-02-04 15:25:00,1305.0,1310.0,1305.0,1310.0,12200
2026-02-04 15:30:00,1305.0,1310.0,1305.0,1310.0,29600
2026-02-04 15:35:00,1310.0,1310.0,1305.0,1305.0,500
2026-02-04 15:40:00,1305.0,1310.0,1305.0,1305.0,109500
2026-02-04 15:45:00,1305.0,1310.0,1305.0,1305.0,39100
2026-02-04 16:00:00,1310.0,1310.0,1310.0,1310.0,252100
2026-02-04 16:05:00,1310.0,1310.0,1310.0,1310.0,0
2026-02-04 16:10:00,1310.0,1310.0,1310.0,1310.0,2000
2026-02-05 09:00:00,1315.0,1320.0,1315.0,1315.0,0
2026-02-05 09:05:00,1315.0,1315.0,1315.0,1315.0,200
2026-02-05 09:10:00,1315.0,1315.0,1310.0,1315.0,9000
2026-02-05 09:15:00,1315.0,1315.0,1310.0,1315.0,20900
2026-02-05 09:20:00,1315.0,1320.0,1315.0,1315.0,45400
2026-02-05 09:25:00,1315.0,1315.0,1310.0,1315.0,19000
2026-02-05 09:30:00,1315.0,1315.0,1310.0,1315.0,19900
2026-02-05 09:35:00,1315.0,1320.0,1310.0,1320.0,15000
2026-02-05 09:40:00,1320.0,1320.0,1315.0,1315.0,15400
2026-02-05 09:45:00,1320.0,1320.0,1315.0,1315.0,5800
2026-02-05 09:50:00,1315.0,1320.0,1315.0,1315.0,9500
2026-02-05 09:55:00,1315.0,1315.0,1315.0,1315.0,7800
2026-02-05 10:00:00,1320.0,1320.0,1310.0,1310.0,138200
2026-02-05 10:05:00,1310.0,1315.0,1305.0,1305.0,53300
2026-02-05 10:10:00,1305.0,1310.0,1305.0,1310.0,2600
2026-02-05 10:15:00,1305.0,1310.0,1305.0,1305.0,23300
2026-02-05 10:20:00,1305.0,1310.0,1305.0,1310.0,7800
2026-02-05 10:25:00,1310.0,1310.0,1305.0,1305.0,35200
2026-02-05 10:30:00,1310.0,1310.0,1305.0,1310.0,3300
2026-02-05 10:35:00,1305.0,1305.0,1300.0,1305.0,187400
2026-02-05 10:40:00,1305.0,1310.0,1300.0,1305.0,0
2026-02-05 10:45:00,1305.0,1305.0,1305.0,1305.0,7400
2026-02-05 10:50:00,1310.0,1310.0,1310.0,1310.0,2200
2026-02-05 10:55:00,1310.0,1310.0,1305.0,1305.0,17200
2026-02-05 11:00:00,1305.0,1305.0,1305.0,1305.0,10400
2026-02-05 11:05:00,1305.0,1305.0,1305.0,1305.0,23400
2026-02-05 11:10:00,1310.0,1310.0,1310.0,1310.0,1600
2026-02-05 11:15:00,1305.0,1310.0,1305.0,1310.0,10900
2026-02-05 11:20:00,1305.0,1310.0,1305.0,1310.0,12100
2026-02-05 11:25:00,1310.0,1310.0,1310.0,1310.0,100
2026-02-05 11:30:00,1305.0,1305.0,1305.0,1305.0,600
2026-02-05 11:35:00,1305.0,1305.0,1305.0,1305.0,1500
2026-02-05 11:40:00,1310.0,1310.0,1305.0,1305.0,27400
2026-02-05 11:45:00,1305.0,1310.0,1305.0,1305.0,6700
2026-02-05 11:55:00,1310.0,1310.0,1305.0,1305.0,8100
2026-02-05 13:30:00,1305.0,1310.0,1305.0,1310.0,23700
2026-02-05 13:35:00,1310.0,1310.0,1310.0,1310.0,600
2026-02-05 13:40:00,1305.0,1305.0,1305.0,1305.0,400
2026-02-05 13:45:00,1310.0,1310.0,1305.0,1305.0,1000
2026-02-05 13:50:00,1305.0,1310.0,1305.0,1310.0,600
2026-02-05 13:55:00,1305.0,1305.0,1305.0,1305.0,2800
2026-02-05 14:00:00,1305.0,1305.0,1305.0,1305.0,59300
2026-02-05 14:05:00,1305.0,1310.0,1305.0,1310.0,2000
2026-02-05 14:10:00,1310.0,1310.0,1305.0,1305.0,24100
2026-02-05 14:15:00,1305.0,1310.0,1305.0,1310.0,101100
2026-02-05 14:20:00,1305.0,1315.0,1305.0,1315.0,73700
2026-02-05 14:30:00,1315.0,1315.0,1310.0,1315.0,48000
2026-02-05 14:35:00,1310.0,1310.0,1310.0,1310.0,0
2026-02-05 14:40:00,1310.0,1310.0,1305.0,1305.0,142400
2026-02-05 14:45:00,1305.0,1305.0,1305.0,1305.0,25400
2026-02-05 14:50:00,1310.0,1310.0,1305.0,1310.0,15900
2026-02-05 14:55:00,1310.0,1310.0,1310.0,1310.0,1000
2026-02-05 15:05:00,1310.0,1310.0,1305.0,1310.0,61600
2026-02-05 15:10:00,1310.0,1315.0,1310.0,1315.0,7100
2026-02-05 15:15:00,1310.0,1310.0,1310.0,1310.0,7100
2026-02-05 15:20:00,1310.0,1315.0,1310.0,1315.0,4400
2026-02-05 15:25:00,1315.0,1320.0,1310.0,1310.0,52100
2026-02-05 15:30:00,1315.0,1320.0,1310.0,1310.0,171100
2026-02-05 15:35:00,1310.0,1315.0,1310.0,1310.0,67700
2026-02-05 15:40:00,1305.0,1310.0,1305.0,1310.0,105900
2026-02-05 15:45:00,1310.0,1315.0,1305.0,1315.0,7100
2026-02-05 16:00:00,1315.0,1315.0,1315.0,1315.0,235800
2026-02-06 09:00:00,1310.0,1310.0,1285.0,1290.0,0
2026-02-06 09:05:00,1290.0,1300.0,1290.0,1300.0,64100
2026-02-06 09:10:00,1300.0,1300.0,1300.0,1300.0,1100
2026-02-06 09:15:00,1300.0,1300.0,1300.0,1300.0,54900
2026-02-06 09:20:00,1300.0,1300.0,1295.0,1300.0,5600
2026-02-06 09:25:00,1300.0,1300.0,1290.0,1290.0,124700
2026-02-06 09:30:00,1300.0,1300.0,1290.0,1290.0,34900
2026-02-06 09:35:00,1290.0,1290.0,1275.0,1275.0,297400
2026-02-06 09:40:00,1290.0,1290.0,1280.0,1280.0,4200
2026-02-06 09:45:00,1285.0,1285.0,1275.0,1275.0,83500
2026-02-06 09:50:00,1275.0,1280.0,1275.0,1275.0,90600
2026-02-06 09:55:00,1280.0,1280.0,1275.0,1280.0,45500
2026-02-06 10:00:00,1280.0,1285.0,1275.0,1285.0,36500
2026-02-06 10:05:00,1285.0,1285.0,1280.0,1280.0,32500
2026-02-06 10:10:00,1280.0,1285.0,1280.0,1285.0,10600
2026-02-06 10:15:00,1285.0,1285.0,1280.0,1280.0,9400
2026-02-06 10:20:00,1280.0,1285.0,1280.0,1285.0,37500
2026-02-06 10:25:00,1285.0,1285.0,1280.0,1280.0,8000
2026-02-06 10:30:00,1285.0,1285.0,1280.0,1285.0,44300
2026-02-06 10:35:00,1285.0,1295.0,1285.0,1290.0,207200
2026-02-06 10:40:00,1285.0,1285.0,1280.0,1285.0,38000
2026-02-06 10:45:00,1285.0,1285.0,1280.0,1285.0,46700
2026-02-06 10:50:00,1285.0,1285.0,1285.0,1285.0,0
2026-02-06 10:55:00,1285.0,1285.0,1285.0,1285.0,7200
2026-02-06 11:00:00,1290.0,1290.0,1285.0,1290.0,6000
2026-02-06 11:05:00,1285.0,1285.0,1280.0,1280.0,29600
2026-02-06 11:10:00,1280.0,1285.0,1280.0,1285.0,36400
2026-02-06 11:15:00,1290.0,1290.0,1290.0,1290.0,5800
2026-02-06 11:20:00,1290.0,1290.0,1280.0,1280.0,47100
2026-02-06 11:25:00,1280.0,1285.0,1280.0,1280.0,16700
2026-02-06 14:00:00,1280.0,1285.0,1280.0,1280.0,98600
2026-02-06 14:05:00,1280.0,1285.0,1280.0,1280.0,51400
2026-02-06 14:10:00,1280.0,1280.0,1280.0,1280.0,4100
2026-02-06 14:15:00,1280.0,1285.0,1280.0,1280.0,24100
2026-02-06 14:20:00,1280.0,1285.0,1280.0,1280.0,57300
2026-02-06 14:25:00,1280.0,1285.0,1280.0,1285.0,41100
2026-02-06 14:30:00,1280.0,1285.0,1280.0,1280.0,54100
2026-02-06 14:35:00,1280.0,1285.0,1280.0,1280.0,18900
2026-02-06 14:40:00,1280.0,1285.0,1280.0,1280.0,18400
2026-02-06 14:45:00,1280.0,1280.0,1280.0,1280.0,7000
2026-02-06 14:50:00,1280.0,1285.0,1280.0,1285.0,104100
2026-02-06 14:55:00,1285.0,1290.0,1285.0,1285.0,15600
2026-02-06 15:00:00,1285.0,1290.0,1285.0,1285.0,21000
2026-02-06 15:05:00,1285.0,1290.0,1285.0,1285.0,29500
2026-02-06 15:10:00,1285.0,1285.0,1280.0,1285.0,144300
2026-02-06 15:15:00,1285.0,1290.0,1280.0,1285.0,215200
2026-02-06 15:20:00,1285.0,1290.0,1285.0,1285.0,39000
2026-02-06 15:25:00,1285.0,1290.0,1285.0,1285.0,56900
2026-02-06 15:30:00,1285.0,1285.0,1285.0,1285.0,77200
2026-02-06 15:35:00,1285.0,1290.0,1285.0,1285.0,185200
2026-02-06 15:40:00,1285.0,1290.0,1280.0,1285.0,179400
2026-02-06 15:45:00,1285.0,1295.0,1280.0,1295.0,421300
2026-02-06 16:00:00,1290.0,1290.0,1290.0,1290.0,591000
2026-02-06 16:05:00,1290.0,1290.0,1290.0,1290.0,0
2026-02-06 16:10:00,1290.0,1290.0,1290.0,1290.0,80900
2026-02-09 09:00:00,1300.0,1300.0,1290.0,1290.0,0
2026-02-09 09:05:00,1290.0,1290.0,1275.0,1285.0,158900
2026-02-09 09:10:00,1290.0,1290.0,1280.0,1280.0,42100
2026-02-09 09:15:00,1285.0,1285.0,1280.0,1285.0,99300
2026-02-09 09:20:00,1285.0,1290.0,1285.0,1285.0,6800
2026-02-09 09:25:00,1285.0,1290.0,1280.0,1285.0,116900
2026-02-09 09:30:00,1285.0,1285.0,1285.0,1285.0,1300
2026-02-09 09:35:00,1285.0,1285.0,1280.0,1285.0,12300
2026-02-09 09:40:00,1285.0,1285.0,1280.0,1280.0,2600
2026-02-09 09:45:00,1290.0,1290.0,1280.0,1280.0,4100
2026-02-09 09:50:00,1280.0,1285.0,1280.0,1280.0,2000
2026-02-09 10:00:00,1285.0,1285.0,1280.0,1280.0,9500
2026-02-09 10:05:00,1285.0,1290.0,1280.0,1280.0,115500
2026-02-09 10:10:00,1280.0,1280.0,1280.0,1280.0,1200
2026-02-09 10:15:00,1285.0,1285.0,1280.0,1285.0,5200
2026-02-09 10:20:00,1280.0,1285.0,1280.0,1285.0,80300
2026-02-09 10:25:00,1285.0,1285.0,1285.0,1285.0,2400
2026-02-09 10:30:00,1285.0,1285.0,1280.0,1280.0,25000
2026-02-09 10:35:00,1285.0,1285.0,1280.0,1285.0,49200
2026-02-09 10:40:00,1290.0,1290.0,1285.0,1290.0,3800
2026-02-09 10:45:00,1290.0,1290.0,1285.0,1285.0,5100
2026-02-09 10:50:00,1285.0,1285.0,1285.0,1285.0,0
2026-02-09 10:55:00,1285.0,1290.0,1285.0,1285.0,37500
2026-02-09 11:00:00,1285.0,1285.0,1280.0,1280.0,48700
2026-02-09 11:05:00,1285.0,1285.0,1280.0,1285.0,4500
2026-02-09 11:10:00,1285.0,1285.0,1280.0,1285.0,2600
2026-02-09 11:15:00,1285.0,1285.0,1280.0,1285.0,2700
2026-02-09 11:20:00,1285.0,1285.0,1280.0,1280.0,5000
2026-02-09 11:25:00,1285.0,1290.0,1280.0,1280.0,127000
2026-02-09 11:30:00,1280.0,1290.0,1280.0,1285.0,350400
2026-02-09 11:35:00,1290.0,1290.0,1285.0,1285.0,1300
2026-02-09 11:40:00,1290.0,1290.0,1280.0,1280.0,25200
2026-02-09 11:45:00,1290.0,1290.0,1290.0,1290.0,100
2026-02-09 11:50:00,1285.0,1285.0,1285.0,1285.0,11000
2026-02-09 11:55:00,1290.0,1290.0,1280.0,1280.0,2900
2026-02-09 13:30:00,1290.0,1290.0,1285.0,1285.0,1600
2026-02-09 13:35:00,1285.0,1285.0,1280.0,1285.0,18600
2026-02-09 13:40:00,1285.0,1285.0,1280.0,1285.0,1000
2026-02-09 13:45:00,1285.0,1285.0,1280.0,1280.0,8000
2026-02-09 13:50:00,1285.0,1285.0,1280.0,1280.0,600
2026-02-09 13:55:00,1280.0,1285.0,1280.0,1285.0,250800
2026-02-09 14:00:00,1285.0,1285.0,1280.0,1280.0,61500
2026-02-09 14:10:00,1285.0,1285.0,1285.0,1285.0,500
2026-02-09 14:15:00,1280.0,1285.0,1280.0,1280.0,24300
2026-02-09 14:20:00,1285.0,1285.0,1280.0,1285.0,67500
2026-02-09 14:25:00,1285.0,1285.0,1280.0,1285.0,63400
2026-02-09 14:30:00,1285.0,1290.0,1280.0,1285.0,64900
2026-02-09 14:35:00,1285.0,1290.0,1285.0,1285.0,43800
2026-02-09 14:40:00,1285.0,1285.0,1285.0,1285.0,0
2026-02-09 14:45:00,1290.0,1290.0,1285.0,1285.0,200
2026-02-09 14:50:00,1285.0,1285.0,1285.0,1285.0,23000
2026-02-09 15:00:00,1285.0,1285.0,1285.0,1285.0,17800
2026-02-09 15:05:00,1290.0,1290.0,1285.0,1285.0,13400
2026-02-09 15:10:00,1285.0,1290.0,1285.0,1285.0,6100
2026-02-09 15:15:00,1290.0,1290.0,1285.0,1285.0,106900
2026-02-09 15:20:00,1285.0,1290.0,1280.0,1285.0,229200
2026-02-09 15:25:00,1290.0,1290.0,1285.0,1285.0,12200
2026-02-09 15:30:00,1285.0,1285.0,1285.0,1285.0,17900
2026-02-09 15:35:00,1290.0,1290.0,1285.0,1290.0,22800
2026-02-09 15:40:00,1285.0,1290.0,1280.0,1285.0,192300
2026-02-09 15:45:00,1285.0,1300.0,1280.0,1295.0,770900
2026-02-09 16:00:00,1285.0,1285.0,1285.0,1285.0,837800
2026-02-09 16:05:00,1285.0,1285.0,1285.0,1285.0,0
2026-02-09 16:10:00,1285.0,1285.0,1285.0,1285.0,10100
2026-02-10 09:00:00,1295.0,1295.0,1290.0,1290.0,29500
2026-02-10 09:05:00,1295.0,1300.0,1295.0,1300.0,19000
2026-02-10 09:10:00,1295.0,1350.0,1295.0,1300.0,352000
2026-02-10 09:15:00,1305.0,1310.0,1300.0,1300.0,58200
2026-02-10 09:20:00,1300.0,1305.0,1300.0,1300.0,21400
2026-02-10 09:25:00,1300.0,1310.0,1300.0,1300.0,1000
2026-02-10 09:30:00,1300.0,1310.0,1300.0,1305.0,7000
2026-02-10 09:35:00,1305.0,1310.0,1305.0,1310.0,108200
2026-02-10 09:40:00,1310.0,1315.0,1305.0,1315.0,38400
2026-02-10 09:45:00,1305.0,1310.0,1305.0,1310.0,6700
2026-02-10 09:50:00,1305.0,1305.0,1295.0,1295.0,199600
2026-02-10 09:55:00,1295.0,1300.0,1295.0,1300.0,2700
2026-02-10 10:00:00,1300.0,1300.0,1295.0,1295.0,30300
2026-02-10 10:05:00,1295.0,1300.0,1295.0,1295.0,7800
2026-02-10 10:10:00,1295.0,1300.0,1290.0,1290.0,105700
2026-02-10 10:15:00,1290.0,1300.0,1290.0,1300.0,95700
2026-02-10 10:20:00,1295.0,1300.0,1295.0,1300.0,21900
2026-02-10 10:25:00,1295.0,1295.0,1295.0,1295.0,30100
2026-02-10 10:30:00,1295.0,1295.0,1295.0,1295.0,34100
2026-02-10 10:35:00,1295.0,1300.0,1295.0,1295.0,41000
2026-02-10 10:40:00,1300.0,1300.0,1295.0,1300.0,58700
2026-02-10 10:45:00,1295.0,1300.0,1295.0,1300.0,57600
2026-02-10 10:50:00,1300.0,1300.0,1295.0,1295.0,154500
2026-02-10 10:55:00,1300.0,1300.0,1295.0,1300.0,165800
2026-02-10 11:00:00,1300.0,1300.0,1300.0,1300.0,4700
2026-02-10 11:05:00,1300.0,1305.0,1300.0,1300.0,158500
2026-02-10 11:10:00,1300.0,1305.0,1300.0,1300.0,58700
2026-02-10 11:15:00,1300.0,1300.0,1300.0,1300.0,24000
2026-02-10 11:20:00,1300.0,1300.0,1300.0,1300.0,23500
2026-02-10 11:25:00,1300.0,1305.0,1300.0,1300.0,139600
2026-02-10 11:30:00,1300.0,1300.0,1295.0,1300.0,109800
2026-02-10 11:35:00,1295.0,1300.0,1295.0,1300.0,34900
2026-02-10 11:40:00,1300.0,1300.0,1295.0,1295.0,35300
2026-02-10 11:45:00,1300.0,1300.0,1295.0,1300.0,122100
2026-02-10 11:50:00,1300.0,1300.0,1300.0,1300.0,32500
2026-02-10 11:55:00,1300.0,1300.0,1295.0,1295.0,78900
2026-02-10 13:30:00,1295.0,1300.0,1295.0,1300.0,170100
2026-02-10 13:35:00,1300.0,1300.0,1295.0,1295.0,22000
2026-02-10 13:40:00,1295.0,1295.0,1295.0,1295.0,23500
2026-02-10 13:45:00,1295.0,1295.0,1295.0,1295.0,43700
2026-02-10 13:50:00,1295.0,1300.0,1295.0,1295.0,29200
2026-02-10 13:55:00,1295.0,1295.0,1290.0,1290.0,50500
2026-02-10 14:00:00,1290.0,1295.0,1290.0,1295.0,19100
2026-02-10 14:05:00,1290.0,1290.0,1290.0,1290.0,23600
2026-02-10 14:10:00,1290.0,1295.0,1290.0,1295.0,216100
2026-02-10 14:15:00,1295.0,1295.0,1295.0,1295.0,4000
2026-02-10 14:20:00,1295.0,1300.0,1295.0,1295.0,22500
2026-02-10 14:25:00,1300.0,1300.0,1295.0,1295.0,23600
2026-02-10 14:30:00,1295.0,1295.0,1295.0,1295.0,69300
2026-02-10 14:35:00,1295.0,1300.0,1295.0,1295.0,25400
2026-02-10 14:40:00,1295.0,1300.0,1295.0,1300.0,40000
2026-02-10 14:45:00,1300.0,1305.0,1295.0,1305.0,758500
2026-02-10 14:50:00,1310.0,1310.0,1300.0,1300.0,192700
2026-02-10 14:55:00,1300.0,1305.0,1295.0,1300.0,106100
2026-02-10 15:00:00,1300.0,1330.0,1300.0,1305.0,1630900
2026-02-10 15:05:00,1310.0,1310.0,1305.0,1310.0,143100
2026-02-10 15:10:00,1305.0,1305.0,1305.0,1305.0,15200
2026-02-10 15:15:00,1305.0,1330.0,1305.0,1315.0,1169500
2026-02-10 15:20:00,1315.0,1315.0,1310.0,1310.0,24800
2026-02-10 15:25:00,1310.0,1310.0,1310.0,1310.0,24100
2026-02-10 15:30:00,1310.0,1315.0,1310.0,1315.0,213200
2026-02-10 15:35:00,1315.0,1320.0,1315.0,1315.0,140400
2026-02-10 15:40:00,1315.0,1350.0,1315.0,1315.0,2468700
2026-02-10 15:45:00,1315.0,1320.0,1310.0,1315.0,272200
2026-02-10 16:00:00,1325.0,1325.0,1325.0,1325.0,308400
2026-02-10 16:05:00,1325.0,1325.0,1325.0,1325.0,1400
2026-02-10 16:10:00,1325.0,1325.0,1325.0,1325.0,1500
2026-02-11 09:00:00,1325.0,1325.0,1310.0,1315.0,0
2026-02-11 09:05:00,1315.0,1320.0,1310.0,1315.0,53600
2026-02-11 09:10:00,1320.0,1325.0,1320.0,1320.0,15900
2026-02-11 09:15:00,1320.0,1320.0,1315.0,1315.0,135300
2026-02-11 09:20:00,1320.0,1325.0,1315.0,1320.0,36300
2026-02-11 09:25:00,1325.0,1325.0,1315.0,1315.0,37800
2026-02-11 09:30:00,1310.0,1320.0,1310.0,1315.0,19800
2026-02-11 09:35:00,1315.0,1320.0,1315.0,1315.0,4800
2026-02-11 09:40:00,1315.0,1320.0,1315.0,1320.0,46700
2026-02-11 09:45:00,1315.0,1315.0,1315.0,1315.0,0
2026-02-11 09:50:00,1315.0,1315.0,1310.0,1310.0,25700
2026-02-11 09:55:00,1315.0,1320.0,1315.0,1320.0,14800
2026-02-11 10:00:00,1320.0,1320.0,1315.0,1320.0,5600
2026-02-11 10:05:00,1320.0,1320.0,1315.0,1320.0,3500
2026-02-11 10:10:00,1320.0,1320.0,1315.0,1320.0,5000
2026-02-11 10:15:00,1320.0,1320.0,1315.0,1315.0,46900
2026-02-11 10:20:00,1320.0,1320.0,1315.0,1315.0,39100
2026-02-11 10:25:00,1315.0,1320.0,1310.0,1320.0,37700
2026-02-11 10:30:00,1320.0,1320.0,1310.0,1320.0,29300
2026-02-11 10:35:00,1320.0,1320.0,1315.0,1315.0,28900
2026-02-11 10:40:00,1315.0,1320.0,1315.0,1315.0,26300
2026-02-11 10:45:00,1320.0,1320.0,1315.0,1320.0,11500
2026-02-11 10:50:00,1320.0,1325.0,1320.0,1320.0,61000
2026-02-11 10:55:00,1320.0,1320.0,1315.0,1320.0,49600
2026-02-11 11:00:00,1315.0,1315.0,1315.0,1315.0,2200
2026-02-11 11:05:00,1320.0,1320.0,1320.0,1320.0,14000
2026-02-11 11:10:00,1320.0,1320.0,1320.0,1320.0,12200
2026-02-11 11:15:00,1320.0,1325.0,1320.0,1325.0,514500
2026-02-11 11:20:00,1320.0,1350.0,1320.0,1335.0,1958300
2026-02-11 11:25:00,1325.0,1330.0,1325.0,1325.0,47200
2026-02-11 11:30:00,1320.0,1320.0,1320.0,1320.0,18700
2026-02-11 11:35:00,1325.0,1325.0,1320.0,1325.0,33200
2026-02-11 11:40:00,1325.0,1330.0,1325.0,1325.0,182700
2026-02-11 11:45:00,1330.0,1340.0,1330.0,1340.0,1102400
2026-02-11 11:50:00,1325.0,1345.0,1325.0,1335.0,1031300
2026-02-11 11:55:00,1330.0,1335.0,1330.0,1335.0,800
2026-02-11 13:30:00,1335.0,1335.0,1330.0,1330.0,6000
2026-02-11 13:35:00,1330.0,1335.0,1330.0,1330.0,148200
2026-02-11 13:40:00,1335.0,1350.0,1335.0,1340.0,2097200
2026-02-11 13:45:00,1340.0,1345.0,1335.0,1335.0,6200
2026-02-11 13:50:00,1335.0,1335.0,1335.0,1335.0,4700
2026-02-11 13:55:00,1335.0,1335.0,1330.0,1330.0,9100
2026-02-11 14:00:00,1330.0,1335.0,1330.0,1335.0,3100
2026-02-11 14:05:00,1335.0,1335.0,1335.0,1335.0,51900
2026-02-11 14:10:00,1330.0,1330.0,1330.0,1330.0,26000
2026-02-11 14:15:00,1330.0,1335.0,1330.0,1335.0,4600
2026-02-11 14:20:00,1330.0,1400.0,1325.0,1380.0,2418500
2026-02-11 14:25:00,1380.0,1380.0,1370.0,1375.0,215100
2026-02-11 14:30:00,1375.0,1395.0,1375.0,1395.0,270100
2026-02-11 14:35:00,1390.0,1395.0,1375.0,1375.0,83700
2026-02-11 14:40:00,1380.0,1380.0,1350.0,1370.0,88900
2026-02-11 14:45:00,1365.0,1380.0,1365.0,1370.0,130800
2026-02-11 14:50:00,1375.0,1375.0,1365.0,1365.0,40300
2026-02-11 14:55:00,1365.0,1400.0,1365.0,1380.0,1472500
2026-02-11 15:00:00,1390.0,1415.0,1385.0,1385.0,880200
2026-02-11 15:05:00,1395.0,1395.0,1390.0,1390.0,47100
2026-02-11 15:10:00,1390.0,1395.0,1385.0,1395.0,98700
2026-02-11 15:15:00,1395.0,1395.0,1390.0,1395.0,112200
2026-02-11 15:20:00,1395.0,1395.0,1390.0,1395.0,118700
2026-02-11 15:25:00,1390.0,1390.0,1385.0,1390.0,57900
2026-02-11 15:30:00,1390.0,1390.0,1385.0,1385.0,17800
2026-02-11 15:35:00,1390.0,1395.0,1385.0,1395.0,104600
2026-02-11 15:40:00,1395.0,1395.0,1370.0,1370.0,178900
2026-02-11 15:45:00,1370.0,1380.0,1365.0,1380.0,204500
2026-02-11 16:00:00,1370.0,1370.0,1370.0,1370.0,1036700
2026-02-11 16:05:00,1370.0,1370.0,1370.0,1370.0,0
2026-02-11 16:10:00,1370.0,1370.0,1370.0,1370.0,200
2026-02-12 09:00:00,1380.0,1380.0,1375.0,1375.0,0
2026-02-12 09:05:00,1375.0,1380.0,1375.0,1380.0,54800
2026-02-12 09:10:00,1375.0,1385.0,1375.0,1385.0,83500
2026-02-12 09:15:00,1380.0,1390.0,1380.0,1390.0,104900
2026-02-12 09:20:00,1385.0,1390.0,1380.0,1380.0,126700
2026-02-12 09:25:00,1375.0,1385.0,1375.0,1380.0,43300
2026-02-12 09:30:00,1380.0,1385.0,1375.0,1380.0,150700
2026-02-12 09:35:00,1380.0,1380.0,1370.0,1370.0,45600
2026-02-12 09:40:00,1370.0,1375.0,1370.0,1375.0,221600
2026-02-12 09:45:00,1375.0,1375.0,1355.0,1355.0,311700
2026-02-12 09:50:00,1360.0,1365.0,1355.0,1365.0,131700
2026-02-12 09:55:00,1360.0,1375.0,1360.0,1370.0,186200
2026-02-12 10:00:00,1370.0,1370.0,1365.0,1365.0,1800
2026-02-12 10:05:00,1365.0,1365.0,1360.0,1365.0,19600
2026-02-12 10:10:00,1365.0,1365.0,1360.0,1365.0,9400
2026-02-12 10:15:00,1365.0,1365.0,1360.0,1360.0,177300
2026-02-12 10:20:00,1355.0,1355.0,1355.0,1355.0,0
2026-02-12 10:25:00,1355.0,1355.0,1350.0,1350.0,117300
2026-02-12 10:30:00,1350.0,1355.0,1350.0,1355.0,162400
2026-02-12 10:35:00,1355.0,1355.0,1350.0,1355.0,42000
2026-02-12 10:40:00,1355.0,1355.0,1350.0,1355.0,47500
2026-02-12 10:45:00,1355.0,1355.0,1350.0,1355.0,115400
2026-02-12 10:50:00,1350.0,1350.0,1350.0,1350.0,158900
2026-02-12 10:55:00,1350.0,1350.0,1350.0,1350.0,61500
2026-02-12 11:00:00,1350.0,1350.0,1345.0,1345.0,147500
2026-02-12 11:05:00,1345.0,1345.0,1345.0,1345.0,67300
2026-02-12 11:10:00,1345.0,1350.0,1345.0,1345.0,62800
2026-02-12 11:15:00,1345.0,1350.0,1345.0,1345.0,128500
2026-02-12 11:20:00,1345.0,1345.0,1345.0,1345.0,72600
2026-02-12 11:25:00,1345.0,1350.0,1345.0,1345.0,70000
2026-02-12 11:30:00,1345.0,1345.0,1345.0,1345.0,64800
2026-02-12 11:35:00,1345.0,1350.0,1345.0,1345.0,66300
2026-02-12 11:40:00,1345.0,1350.0,1345.0,1345.0,68700
2026-02-12 11:45:00,1345.0,1350.0,1345.0,1345.0,68600
2026-02-12 11:50:00,1345.0,1350.0,1340.0,1340.0,146000
2026-02-12 11:55:00,1340.0,1350.0,1340.0,1340.0,535900
2026-02-12 13:30:00,1345.0,1345.0,1340.0,1345.0,59200
2026-02-12 13:35:00,1345.0,1345.0,1340.0,1340.0,23100
2026-02-12 13:40:00,1340.0,1345.0,1340.0,1345.0,102100
2026-02-12 13:45:00,1340.0,1345.0,1340.0,1345.0,162600
2026-02-12 13:50:00,1345.0,1345.0,1340.0,1340.0,33500
2026-02-12 13:55:00,1340.0,1345.0,1340.0,1340.0,65600
2026-02-12 14:00:00,1340.0,1345.0,1340.0,1340.0,119200
2026-02-12 14:05:00,1340.0,1345.0,1340.0,1345.0,284100
2026-02-12 14:10:00,1350.0,1350.0,1350.0,1350.0,1800
2026-02-12 14:20:00,1345.0,1345.0,1340.0,1340.0,116700
2026-02-12 14:25:00,1340.0,1345.0,1340.0,1340.0,144000
2026-02-12 14:30:00,1340.0,1340.0,1340.0,1340.0,60100
2026-02-12 14:35:00,1340.0,1340.0,1340.0,1340.0,69900
2026-02-12 14:40:00,1340.0,1345.0,1340.0,1340.0,65500
2026-02-12 14:45:00,1340.0,1345.0,1340.0,1340.0,72900
2026-02-12 14:50:00,1340.0,1345.0,1340.0,1340.0,71400
2026-02-12 14:55:00,1340.0,1340.0,1335.0,1335.0,116800
2026-02-12 15:00:00,1335.0,1340.0,1335.0,1340.0,260700
2026-02-12 15:05:00,1340.0,1340.0,1335.0,1335.0,121800
2026-02-12 15:10:00,1340.0,1340.0,1335.0,1335.0,43400
2026-02-12 15:15:00,1335.0,1340.0,1335.0,1335.0,73200
2026-02-12 15:20:00,1340.0,1340.0,1335.0,1340.0,398600
2026-02-12 15:25:00,1340.0,1340.0,1335.0,1340.0,95600
2026-02-12 15:30:00,1340.0,1340.0,1335.0,1335.0,17900
2026-02-12 15:35:00,1335.0,1340.0,1335.0,1335.0,31100
2026-02-12 15:40:00,1335.0,1340.0,1335.0,1340.0,185300
2026-02-12 15:45:00,1340.0,1340.0,1335.0,1335.0,219900
2026-02-12 16:00:00,1335.0,1335.0,1335.0,1335.0,183900
2026-02-13 09:00:00,1330.0,1335.0,1330.0,1335.0,0
2026-02-13 09:05:00,1335.0,1335.0,1335.0,1335.0,4300
2026-02-13 09:10:00,1335.0,1335.0,1330.0,1330.0,10700
2026-02-13 09:15:00,1330.0,1330.0,1330.0,1330.0,42900
2026-02-13 09:20:00,1325.0,1325.0,1325.0,1325.0,7300
2026-02-13 09:25:00,1325.0,1325.0,1315.0,1315.0,117100
2026-02-13 09:30:00,1315.0,1315.0,1305.0,1305.0,170000
2026-02-13 09:35:00,1305.0,1310.0,1305.0,1305.0,56400
2026-02-13 09:40:00,1310.0,1310.0,1300.0,1305.0,289900
2026-02-13 09:45:00,1305.0,1305.0,1300.0,1300.0,37900
2026-02-13 09:50:00,1300.0,1310.0,1300.0,1305.0,389900
2026-02-13 09:55:00,1300.0,1305.0,1300.0,1305.0,1800
2026-02-13 10:00:00,1305.0,1305.0,1300.0,1305.0,76200
2026-02-13 10:05:00,1305.0,1305.0,1300.0,1300.0,132800
2026-02-13 10:10:00,1305.0,1305.0,1300.0,1305.0,75400
2026-02-13 10:15:00,1305.0,1310.0,1305.0,1310.0,302200
2026-02-13 10:20:00,1310.0,1310.0,1305.0,1305.0,21600
2026-02-13 10:25:00,1305.0,1310.0,1305.0,1305.0,77900
2026-02-13 10:30:00,1305.0,1305.0,1300.0,1305.0,415600
2026-02-13 10:35:00,1305.0,1310.0,1305.0,1310.0,0
2026-02-13 10:40:00,1310.0,1310.0,1310.0,1310.0,8000
2026-02-13 10:45:00,1305.0,1310.0,1300.0,1300.0,71300
2026-02-13 10:50:00,1300.0,1305.0,1300.0,1300.0,110700
2026-02-13 10:55:00,1300.0,1300.0,1300.0,1300.0,89100
2026-02-13 11:00:00,1300.0,1305.0,1300.0,1305.0,428200
2026-02-13 11:05:00,1310.0,1310.0,1310.0,1310.0,0
2026-02-13 11:10:00,1310.0,1310.0,1305.0,1305.0,52500
2026-02-13 11:15:00,1305.0,1305.0,1300.0,1300.0,96500
2026-02-13 11:20:00,1300.0,1300.0,1300.0,1300.0,100200
2026-02-13 11:25:00,1300.0,1305.0,1300.0,1300.0,392500
2026-02-13 14:00:00,1310.0,1310.0,1300.0,1305.0,412200
2026-02-13 14:05:00,1305.0,1305.0,1305.0,1305.0,0
2026-02-13 14:10:00,1310.0,1310.0,1305.0,1305.0,500
2026-02-13 14:15:00,1310.0,1310.0,1305.0,1305.0,400
2026-02-13 14:20:00,1310.0,1310.0,1305.0,1305.0,114400
2026-02-13 14:25:00,1310.0,1310.0,1305.0,1305.0,65900
2026-02-13 14:30:00,1305.0,1310.0,1305.0,1305.0,103400
2026-02-13 14:35:00,1305.0,1305.0,1305.0,1305.0,75400
2026-02-13 14:40:00,1305.0,1305.0,1300.0,1305.0,89300
2026-02-13 14:45:00,1300.0,1305.0,1300.0,1300.0,91500
2026-02-13 14:50:00,1300.0,1305.0,1300.0,1300.0,121900
2026-02-13 14:55:00,1300.0,1305.0,1300.0,1305.0,80500
2026-02-13 15:00:00,1300.0,1305.0,1300.0,1300.0,140500
2026-02-13 15:05:00,1305.0,1305.0,1300.0,1300.0,80800
2026-02-13 15:10:00,1300.0,1305.0,1300.0,1300.0,82000
2026-02-13 15:15:00,1300.0,1305.0,1300.0,1305.0,113100
2026-02-13 15:20:00,1300.0,1305.0,1300.0,1300.0,242500
2026-02-13 15:25:00,1300.0,1305.0,1300.0,1305.0,65200
2026-02-13 15:30:00,1305.0,1305.0,1300.0,1300.0,99900
2026-02-13 15:35:00,1305.0,1305.0,1300.0,1305.0,99900
2026-02-13 15:40:00,1305.0,1305.0,1300.0,1300.0,149500
2026-02-13 15:45:00,1300.0,1305.0,1300.0,1305.0,897500
2026-02-13 16:00:00,1300.0,1300.0,1300.0,1300.0,658600
2026-02-13 16:05:00,1300.0,1300.0,1300.0,1300.0,0
2026-02-18 09:00:00,1300.0,1305.0,1300.0,1305.0,0
2026-02-18 09:05:00,1305.0,1310.0,1305.0,1310.0,10100
2026-02-18 09:10:00,1310.0,1310.0,1305.0,1305.0,4500
2026-02-18 09:15:00,1310.0,1310.0,1310.0,1310.0,0
2026-02-18 09:20:00,1310.0,1310.0,1305.0,1305.0,1000
2026-02-18 09:25:00,1305.0,1305.0,1305.0,1305.0,24100
2026-02-18 09:30:00,1305.0,1305.0,1305.0,1305.0,7100
2026-02-18 09:35:00,1305.0,1310.0,1300.0,1310.0,106200
2026-02-18 09:40:00,1300.0,1305.0,1300.0,1305.0,3400
2026-02-18 09:45:00,1305.0,1305.0,1305.0,1305.0,0
2026-02-18 09:50:00,1305.0,1310.0,1300.0,1305.0,38400
2026-02-18 09:55:00,1305.0,1305.0,1305.0,1305.0,800
2026-02-18 10:00:00,1305.0,1305.0,1300.0,1300.0,33200
2026-02-18 10:05:00,1300.0,1300.0,1300.0,1300.0,59700
2026-02-18 10:10:00,1300.0,1300.0,1300.0,1300.0,263500
2026-02-18 10:15:00,1300.0,1305.0,1300.0,1300.0,39000
2026-02-18 10:20:00,1300.0,1305.0,1295.0,1295.0,64100
2026-02-18 10:25:00,1295.0,1300.0,1295.0,1295.0,46700
2026-02-18 10:30:00,1295.0,1300.0,1295.0,1295.0,46600
2026-02-18 10:35:00,1295.0,1300.0,1295.0,1295.0,42700
2026-02-18 10:40:00,1295.0,1300.0,1295.0,1295.0,41400
2026-02-18 10:45:00,1295.0,1300.0,1295.0,1295.0,41400
2026-02-18 10:50:00,1295.0,1300.0,1295.0,1300.0,217600
2026-02-18 10:55:00,1305.0,1305.0,1300.0,1300.0,2900
2026-02-18 11:00:00,1300.0,1305.0,1300.0,1300.0,26700
2026-02-18 11:05:00,1300.0,1300.0,1300.0,1300.0,39000
2026-02-18 11:10:00,1300.0,1305.0,1300.0,1300.0,82900
2026-02-18 11:15:00,1300.0,1300.0,1295.0,1295.0,89300
2026-02-18 11:20:00,1295.0,1300.0,1295.0,1295.0,150400
2026-02-18 11:25:00,1300.0,1300.0,1300.0,1300.0,66600
2026-02-18 11:35:00,1300.0,1305.0,1300.0,1300.0,1500
2026-02-18 11:40:00,1305.0,1305.0,1300.0,1300.0,1900
2026-02-18 11:45:00,1300.0,1300.0,1300.0,1300.0,32400
2026-02-18 11:50:00,1300.0,1300.0,1300.0,1300.0,41600
2026-02-18 11:55:00,1300.0,1300.0,1295.0,1295.0,247900
2026-02-18 13:30:00,1300.0,1305.0,1300.0,1300.0,90500
2026-02-18 13:35:00,1300.0,1300.0,1300.0,1300.0,18600
2026-02-18 13:40:00,1300.0,1300.0,1300.0,1300.0,43400
2026-02-18 13:45:00,1300.0,1300.0,1300.0,1300.0,44400
2026-02-18 13:50:00,1300.0,1300.0,1300.0,1300.0,40900
2026-02-18 13:55:00,1300.0,1300.0,1295.0,1295.0,42700
2026-02-18 14:00:00,1295.0,1300.0,1295.0,1300.0,205900
2026-02-18 14:05:00,1300.0,1305.0,1295.0,1295.0,89600
2026-02-18 14:10:00,1295.0,1300.0,1295.0,1295.0,49300
2026-02-18 14:15:00,1300.0,1305.0,1295.0,1300.0,215000
2026-02-18 14:20:00,1305.0,1305.0,1300.0,1300.0,5200
2026-02-18 14:25:00,1300.0,1305.0,1300.0,1300.0,101400
2026-02-18 14:30:00,1300.0,1305.0,1300.0,1300.0,57100
2026-02-18 14:35:00,1300.0,1305.0,1300.0,1300.0,45200
2026-02-18 14:40:00,1300.0,1300.0,1300.0,1300.0,46700
2026-02-18 14:45:00,1300.0,1305.0,1300.0,1300.0,46700
2026-02-18 14:50:00,1300.0,1305.0,1300.0,1300.0,47600
2026-02-18 14:55:00,1300.0,1305.0,1300.0,1300.0,62400
2026-02-18 15:00:00,1305.0,1305.0,1300.0,1300.0,132300
2026-02-18 15:05:00,1300.0,1305.0,1300.0,1300.0,46900
2026-02-18 15:10:00,1300.0,1305.0,1300.0,1300.0,51200
2026-02-18 15:15:00,1300.0,1305.0,1300.0,1300.0,545900
2026-02-18 15:20:00,1300.0,1300.0,1300.0,1300.0,28600
2026-02-18 15:25:00,1300.0,1305.0,1300.0,1300.0,61900
2026-02-18 15:30:00,1300.0,1300.0,1300.0,1300.0,50500
2026-02-18 15:35:00,1300.0,1300.0,1300.0,1300.0,111100
2026-02-18 15:40:00,1300.0,1305.0,1300.0,1305.0,306000
2026-02-18 15:45:00,1305.0,1315.0,1305.0,1315.0,1078300
2026-02-18 16:00:00,1305.0,1305.0,1305.0,1305.0,186000
2026-02-19 09:00:00,1305.0,1310.0,1305.0,1310.0,0
2026-02-19 09:05:00,1310.0,1310.0,1310.0,1310.0,1200
2026-02-19 09:15:00,1305.0,1305.0,1300.0,1305.0,55700
2026-02-19 09:20:00,1305.0,1305.0,1305.0,1305.0,600
2026-02-19 09:25:00,1300.0,1300.0,1300.0,1300.0,1400
2026-02-19 09:30:00,1305.0,1305.0,1300.0,1305.0,27600
2026-02-19 09:35:00,1305.0,1305.0,1300.0,1300.0,2000
2026-02-19 09:40:00,1305.0,1305.0,1300.0,1300.0,32800
2026-02-19 09:55:00,1300.0,1300.0,1300.0,1300.0,200
2026-02-19 10:00:00,1300.0,1300.0,1300.0,1300.0,300
2026-02-19 10:05:00,1305.0,1305.0,1305.0,1305.0,8600
2026-02-19 10:10:00,1305.0,1305.0,1305.0,1305.0,500
2026-02-19 10:15:00,1305.0,1305.0,1300.0,1300.0,15700
2026-02-19 10:20:00,1300.0,1305.0,1300.0,1305.0,400
2026-02-19 10:25:00,1305.0,1305.0,1300.0,1300.0,2400
2026-02-19 10:35:00,1300.0,1300.0,1300.0,1300.0,10200
2026-02-19 10:40:00,1300.0,1300.0,1300.0,1300.0,100
2026-02-19 10:45:00,1300.0,1300.0,1300.0,1300.0,49300
2026-02-19 10:50:00,1300.0,1305.0,1300.0,1300.0,10400
2026-02-19 10:55:00,1300.0,1305.0,1300.0,1300.0,4200
2026-02-19 11:00:00,1300.0,1305.0,1300.0,1300.0,32600
2026-02-19 11:05:00,1300.0,1300.0,1300.0,1300.0,33200
2026-02-19 11:10:00,1305.0,1305.0,1300.0,1300.0,19200
2026-02-19 11:15:00,1300.0,1300.0,1300.0,1300.0,32100
2026-02-19 11:20:00,1300.0,1300.0,1300.0,1300.0,3500
2026-02-19 11:25:00,1300.0,1305.0,1300.0,1300.0,158300
2026-02-19 11:30:00,1300.0,1300.0,1300.0,1300.0,9600
2026-02-19 11:35:00,1300.0,1300.0,1300.0,1300.0,4000
2026-02-19 11:40:00,1300.0,1305.0,1300.0,1305.0,9900
2026-02-19 11:45:00,1300.0,1300.0,1300.0,1300.0,3400
2026-02-19 11:50:00,1300.0,1300.0,1300.0,1300.0,500
2026-02-19 11:55:00,1300.0,1300.0,1300.0,1300.0,69400
2026-02-19 13:30:00,1305.0,1305.0,1300.0,1300.0,71200
2026-02-19 13:35:00,1300.0,1300.0,1300.0,1300.0,89500
2026-02-19 13:40:00,1300.0,1300.0,1300.0,1300.0,105800
2026-02-19 13:45:00,1300.0,1305.0,1300.0,1300.0,55800
2026-02-19 13:50:00,1300.0,1300.0,1300.0,1300.0,56300
2026-02-19 13:55:00,1300.0,1305.0,1300.0,1300.0,70100
2026-02-19 14:00:00,1300.0,1300.0,1300.0,1300.0,171400
2026-02-19 14:05:00,1300.0,1305.0,1300.0,1300.0,81100
2026-02-19 14:10:00,1300.0,1300.0,1300.0,1300.0,51700
2026-02-19 14:15:00,1300.0,1300.0,1300.0,1300.0,129400
2026-02-19 14:20:00,1300.0,1300.0,1300.0,1300.0,60000
2026-02-19 14:25:00,1300.0,1305.0,1300.0,1300.0,61000
2026-02-19 14:30:00,1300.0,1300.0,1300.0,1300.0,55400
2026-02-19 14:35:00,1300.0,1300.0,1300.0,1300.0,64300
2026-02-19 14:40:00,1300.0,1300.0,1300.0,1300.0,51600
2026-02-19 14:45:00,1300.0,1300.0,1300.0,1300.0,251500
2026-02-19 14:50:00,1300.0,1300.0,1300.0,1300.0,118400
2026-02-19 14:55:00,1300.0,1300.0,1295.0,1295.0,425600
2026-02-19 15:00:00,1295.0,1300.0,1295.0,1295.0,182000
2026-02-19 15:05:00,1295.0,1295.0,1295.0,1295.0,117600
2026-02-19 15:10:00,1295.0,1300.0,1295.0,1295.0,612000
2026-02-19 15:15:00,1295.0,1295.0,1295.0,1295.0,116600
2026-02-19 15:20:00,1295.0,1300.0,1295.0,1295.0,127000
2026-02-19 15:25:00,1295.0,1300.0,1295.0,1295.0,145700
2026-02-19 15:30:00,1295.0,1300.0,1295.0,1295.0,128500
2026-02-19 15:35:00,1295.0,1295.0,1295.0,1295.0,354000
2026-02-19 15:40:00,1295.0,1300.0,1295.0,1300.0,437700
2026-02-19 15:45:00,1300.0,1305.0,1300.0,1300.0,451700
2026-02-19 16:00:00,1320.0,1320.0,1320.0,1320.0,5463900
2026-02-19 16:05:00,1320.0,1320.0,1320.0,1320.0,9100
2026-02-20 09:00:00,1320.0,1330.0,1305.0,1305.0,0
2026-02-20 09:05:00,1310.0,1310.0,1305.0,1310.0,40000
2026-02-20 09:10:00,1310.0,1310.0,1305.0,1305.0,211100
2026-02-20 09:15:00,1305.0,1305.0,1300.0,1300.0,27800
2026-02-20 09:20:00,1305.0,1305.0,1305.0,1305.0,1500
2026-02-20 09:25:00,1305.0,1305.0,1300.0,1305.0,105300
2026-02-20 09:30:00,1305.0,1305.0,1305.0,1305.0,200
2026-02-20 09:35:00,1305.0,1310.0,1300.0,1305.0,62100
2026-02-20 09:40:00,1305.0,1310.0,1305.0,1305.0,1500
2026-02-20 09:45:00,1305.0,1305.0,1305.0,1305.0,6600
2026-02-20 09:50:00,1305.0,1305.0,1305.0,1305.0,0
2026-02-20 09:55:00,1305.0,1310.0,1305.0,1310.0,12700
2026-02-20 10:00:00,1305.0,1305.0,1305.0,1305.0,6400
2026-02-20 10:05:00,1305.0,1305.0,1305.0,1305.0,8700
2026-02-20 10:10:00,1305.0,1310.0,1305.0,1305.0,21400
2026-02-20 10:15:00,1305.0,1310.0,1305.0,1305.0,37700
2026-02-20 10:20:00,1305.0,1310.0,1305.0,1305.0,22200
2026-02-20 10:25:00,1305.0,1310.0,1305.0,1310.0,17200
2026-02-20 10:30:00,1305.0,1310.0,1305.0,1305.0,27700
2026-02-20 10:35:00,1305.0,1305.0,1300.0,1300.0,131100
2026-02-20 10:40:00,1300.0,1300.0,1300.0,1300.0,10400
2026-02-20 10:45:00,1300.0,1305.0,1300.0,1300.0,16100
2026-02-20 10:50:00,1300.0,1305.0,1300.0,1305.0,126700
2026-02-20 10:55:00,1305.0,1305.0,1300.0,1305.0,0
2026-02-20 11:00:00,1305.0,1305.0,1300.0,1305.0,12500
2026-02-20 11:05:00,1300.0,1310.0,1300.0,1305.0,18200
2026-02-20 11:10:00,1310.0,1310.0,1305.0,1305.0,7500
2026-02-20 11:15:00,1310.0,1310.0,1305.0,1310.0,12700
2026-02-20 11:20:00,1305.0,1310.0,1305.0,1310.0,18300
2026-02-20 11:25:00,1310.0,1310.0,1305.0,1305.0,16300
2026-02-20 14:00:00,1310.0,1310.0,1305.0,1305.0,55500
2026-02-20 14:05:00,1310.0,1315.0,1305.0,1315.0,104400
2026-02-20 14:10:00,1310.0,1315.0,1305.0,1315.0,8800
2026-02-20 14:15:00,1310.0,1315.0,1310.0,1310.0,18500
2026-02-20 14:20:00,1310.0,1310.0,1310.0,1310.0,117000
2026-02-20 14:25:00,1315.0,1315.0,1305.0,1310.0,79900
2026-02-20 14:30:00,1310.0,1310.0,1310.0,1310.0,8100
2026-02-20 14:35:00,1310.0,1315.0,1310.0,1315.0,10000
2026-02-20 14:40:00,1315.0,1315.0,1310.0,1310.0,16500
2026-02-20 14:45:00,1310.0,1315.0,1310.0,1310.0,13500
2026-02-20 14:50:00,1310.0,1315.0,1310.0,1310.0,10300
2026-02-20 14:55:00,1310.0,1315.0,1310.0,1310.0,8500
2026-02-20 15:00:00,1310.0,1315.0,1310.0,1310.0,12100
2026-02-20 15:05:00,1310.0,1315.0,1310.0,1310.0,23500
2026-02-20 15:10:00,1315.0,1315.0,1310.0,1310.0,17400
2026-02-20 15:15:00,1310.0,1315.0,1310.0,1310.0,20200
2026-02-20 15:20:00,1315.0,1315.0,1310.0,1310.0,29000
2026-02-20 15:25:00,1310.0,1310.0,1310.0,1310.0,47700
2026-02-20 15:30:00,1310.0,1310.0,1310.0,1310.0,10500
2026-02-20 15:35:00,1310.0,1310.0,1310.0,1310.0,160900
2026-02-20 15:40:00,1315.0,1315.0,1305.0,1310.0,137300
2026-02-20 15:45:00,1310.0,1315.0,1310.0,1310.0,155200
2026-02-20 16:00:00,1310.0,1310.0,1310.0,1310.0,320100
2026-02-20 16:10:00,1310.0,1310.0,1310.0,1310.0,3800
2026-02-23 09:00:00,1315.0,1320.0,1315.0,1315.0,28700
2026-02-23 09:05:00,1315.0,1315.0,1305.0,1305.0,48800
2026-02-23 09:10:00,1305.0,1310.0,1305.0,1310.0,15400
2026-02-23 09:15:00,1310.0,1310.0,1310.0,1310.0,2100
2026-02-23 09:20:00,1310.0,1315.0,1310.0,1315.0,400
2026-02-23 09:30:00,1310.0,1315.0,1310.0,1315.0,33700
2026-02-23 09:35:00,1310.0,1310.0,1310.0,1310.0,8000
2026-02-23 09:40:00,1310.0,1310.0,1310.0,1310.0,0
2026-02-23 09:45:00,1310.0,1310.0,1310.0,1310.0,400
2026-02-23 09:50:00,1310.0,1315.0,1310.0,1315.0,3200
2026-02-23 09:55:00,1310.0,1315.0,1310.0,1315.0,3000
2026-02-23 10:00:00,1315.0,1315.0,1310.0,1310.0,46300
2026-02-23 10:05:00,1310.0,1310.0,1305.0,1310.0,31100
2026-02-23 10:10:00,1305.0,1310.0,1305.0,1310.0,0
2026-02-23 10:15:00,1310.0,1310.0,1305.0,1310.0,10100
2026-02-23 10:20:00,1310.0,1315.0,1305.0,1310.0,88200
2026-02-23 10:25:00,1310.0,1310.0,1305.0,1310.0,4200
2026-02-23 10:30:00,1305.0,1310.0,1305.0,1310.0,5300
2026-02-23 10:35:00,1310.0,1310.0,1305.0,1310.0,14900
2026-02-23 10:40:00,1310.0,1315.0,1310.0,1315.0,52300
2026-02-23 10:45:00,1310.0,1315.0,1310.0,1315.0,25200
2026-02-23 10:50:00,1315.0,1315.0,1310.0,1315.0,10800
2026-02-23 10:55:00,1310.0,1315.0,1310.0,1310.0,61900
2026-02-23 11:00:00,1315.0,1315.0,1310.0,1310.0,7500
2026-02-23 11:05:00,1315.0,1315.0,1310.0,1310.0,198600
2026-02-23 11:10:00,1310.0,1310.0,1310.0,1310.0,200
2026-02-23 11:15:00,1310.0,1315.0,1305.0,1310.0,186400
2026-02-23 11:20:00,1310.0,1310.0,1305.0,1310.0,18200
2026-02-23 11:25:00,1315.0,1315.0,1310.0,1310.0,15300
2026-02-23 11:30:00,1310.0,1310.0,1310.0,1310.0,10000
2026-02-23 11:35:00,1305.0,1310.0,1305.0,1310.0,0
2026-02-23 11:40:00,1310.0,1310.0,1305.0,1305.0,113000
2026-02-23 11:45:00,1310.0,1310.0,1305.0,1305.0,6700
2026-02-23 11:50:00,1310.0,1310.0,1310.0,1310.0,2600
2026-02-23 11:55:00,1310.0,1310.0,1310.0,1310.0,20400
2026-02-23 13:30:00,1310.0,1310.0,1305.0,1310.0,15300
2026-02-23 13:35:00,1310.0,1310.0,1310.0,1310.0,12300
2026-02-23 13:40:00,1310.0,1315.0,1310.0,1315.0,143700
2026-02-23 13:45:00,1315.0,1315.0,1310.0,1310.0,7100
2026-02-23 13:50:00,1310.0,1310.0,1310.0,1310.0,81100
2026-02-23 13:55:00,1305.0,1305.0,1305.0,1305.0,1900
2026-02-23 14:00:00,1310.0,1310.0,1305.0,1305.0,4000
2026-02-23 14:05:00,1310.0,1310.0,1305.0,1310.0,12800
2026-02-23 14:10:00,1310.0,1310.0,1305.0,1305.0,5100
2026-02-23 14:15:00,1310.0,1310.0,1310.0,1310.0,5300
2026-02-23 14:20:00,1310.0,1310.0,1305.0,1310.0,102800
2026-02-23 14:25:00,1310.0,1310.0,1310.0,1310.0,0
2026-02-23 14:30:00,1310.0,1310.0,1305.0,1310.0,10900
2026-02-23 14:35:00,1310.0,1310.0,1305.0,1310.0,9900
2026-02-23 14:40:00,1310.0,1310.0,1310.0,1310.0,6500
2026-02-23 14:45:00,1310.0,1310.0,1310.0,1310.0,9500
2026-02-23 14:50:00,1310.0,1310.0,1305.0,1310.0,28200
2026-02-23 14:55:00,1310.0,1310.0,1310.0,1310.0,11700
2026-02-23 15:00:00,1310.0,1310.0,1305.0,1305.0,620300
2026-02-23 15:05:00,1310.0,1310.0,1305.0,1305.0,123900
2026-02-23 15:10:00,1305.0,1310.0,1305.0,1310.0,16100
2026-02-23 15:15:00,1310.0,1310.0,1310.0,1310.0,45800
2026-02-23 15:20:00,1310.0,1315.0,1305.0,1315.0,75100
2026-02-23 15:25:00,1315.0,1315.0,1310.0,1310.0,63300
2026-02-23 15:30:00,1310.0,1315.0,1310.0,1315.0,4000
2026-02-23 15:35:00,1315.0,1315.0,1310.0,1310.0,16900
2026-02-23 15:40:00,1315.0,1315.0,1310.0,1315.0,48400
2026-02-23 15:45:00,1315.0,1315.0,1310.0,1315.0,58900
2026-02-23 16:00:00,1315.0,1315.0,1315.0,1315.0,189300
2026-02-24 09:00:00,1305.0,1305.0,1295.0,1295.0,0
2026-02-24 09:05:00,1300.0,1305.0,1295.0,1305.0,65200
2026-02-24 09:10:00,1305.0,1305.0,1300.0,1305.0,5200
2026-02-24 09:15:00,1305.0,1305.0,1300.0,1300.0,5000
2026-02-24 09:20:00,1305.0,1305.0,1300.0,1300.0,4900
2026-02-24 09:25:00,1305.0,1305.0,1300.0,1300.0,5000
2026-02-24 09:30:00,1305.0,1305.0,1300.0,1300.0,53700
2026-02-24 09:35:00,1305.0,1305.0,1300.0,1305.0,1600
2026-02-24 09:40:00,1305.0,1305.0,1300.0,1300.0,108000
2026-02-24 09:50:00,1300.0,1305.0,1300.0,1300.0,15200
2026-02-24 09:55:00,1305.0,1305.0,1300.0,1300.0,18500
2026-02-24 10:00:00,1305.0,1305.0,1300.0,1300.0,20600
2026-02-24 10:05:00,1300.0,1305.0,1300.0,1300.0,24200
2026-02-24 10:10:00,1300.0,1305.0,1300.0,1300.0,19900
2026-02-24 10:15:00,1305.0,1305.0,1300.0,1300.0,29100
2026-02-24 10:20:00,1300.0,1305.0,1295.0,1295.0,459100
2026-02-24 10:25:00,1300.0,1300.0,1295.0,1295.0,109300
2026-02-24 10:30:00,1295.0,1300.0,1295.0,1295.0,85800
2026-02-24 10:35:00,1295.0,1300.0,1295.0,1295.0,145400
2026-02-24 10:40:00,1295.0,1300.0,1295.0,1300.0,103700
2026-02-24 10:45:00,1295.0,1300.0,1295.0,1300.0,24600
2026-02-24 10:50:00,1295.0,1300.0,1295.0,1295.0,21700
2026-02-24 10:55:00,1295.0,1300.0,1295.0,1295.0,24300
2026-02-24 11:00:00,1295.0,1300.0,1295.0,1295.0,19400
2026-02-24 11:05:00,1295.0,1305.0,1295.0,1300.0,23200
2026-02-24 11:10:00,1300.0,1300.0,1300.0,1300.0,17400
2026-02-24 11:15:00,1300.0,1300.0,1295.0,1295.0,23800
2026-02-24 11:20:00,1295.0,1300.0,1295.0,1295.0,17600
2026-02-24 11:25:00,1295.0,1300.0,1295.0,1295.0,1906100
2026-02-24 11:30:00,1295.0,1300.0,1295.0,1295.0,44000
2026-02-24 11:35:00,1295.0,1305.0,1290.0,1290.0,1132300
2026-02-24 11:40:00,1290.0,1295.0,1290.0,1290.0,149400
2026-02-24 11:45:00,1295.0,1295.0,1285.0,1290.0,617400
2026-02-24 11:50:00,1290.0,1290.0,1285.0,1290.0,26700
2026-02-24 11:55:00,1290.0,1290.0,1290.0,1290.0,22600
2026-02-24 13:30:00,1295.0,1300.0,1290.0,1295.0,65000
2026-02-24 13:35:00,1295.0,1295.0,1295.0,1295.0,83500
2026-02-24 13:40:00,1295.0,1300.0,1295.0,1300.0,141400
2026-02-24 13:45:00,1295.0,1295.0,1295.0,1295.0,16700
2026-02-24 13:50:00,1295.0,1300.0,1295.0,1295.0,18900
2026-02-24 13:55:00,1295.0,1295.0,1295.0,1295.0,20800
2026-02-24 14:00:00,1295.0,1300.0,1295.0,1295.0,47000
2026-02-24 14:05:00,1300.0,1305.0,1295.0,1295.0,23900
2026-02-24 14:10:00,1295.0,1300.0,1295.0,1300.0,18200
2026-02-24 14:15:00,1295.0,1300.0,1295.0,1300.0,21300
2026-02-24 14:20:00,1295.0,1300.0,1295.0,1295.0,34400
2026-02-24 14:25:00,1295.0,1300.0,1295.0,1295.0,152400
2026-02-24 14:30:00,1295.0,1300.0,1295.0,1295.0,137700
2026-02-24 14:35:00,1295.0,1295.0,1290.0,1290.0,20100
2026-02-24 14:40:00,1295.0,1295.0,1290.0,1290.0,23500
2026-02-24 14:45:00,1290.0,1295.0,1290.0,1295.0,65400
2026-02-24 14:50:00,1295.0,1295.0,1290.0,1295.0,96100
2026-02-24 14:55:00,1295.0,1300.0,1295.0,1300.0,18000
2026-02-24 15:00:00,1295.0,1295.0,1295.0,1295.0,18000
2026-02-24 15:05:00,1300.0,1300.0,1290.0,1290.0,1644500
2026-02-24 15:10:00,1295.0,1295.0,1290.0,1290.0,17800
2026-02-24 15:15:00,1290.0,1295.0,1290.0,1290.0,221200
2026-02-24 15:20:00,1290.0,1290.0,1290.0,1290.0,28900
2026-02-24 15:25:00,1290.0,1295.0,1290.0,1295.0,305700
2026-02-24 15:30:00,1295.0,1300.0,1290.0,1295.0,170000
2026-02-24 15:35:00,1295.0,1295.0,1290.0,1295.0,200700
2026-02-24 15:40:00,1295.0,1300.0,1295.0,1295.0,61100
2026-02-24 15:45:00,1300.0,1300.0,1290.0,1290.0,2690400
2026-02-24 16:00:00,1290.0,1290.0,1290.0,1290.0,306500
2026-02-25 09:00:00,1295.0,1295.0,1295.0,1295.0,0
2026-02-25 09:05:00,1295.0,1295.0,1295.0,1295.0,2300
2026-02-25 09:10:00,1300.0,1300.0,1300.0,1300.0,0
2026-02-25 09:15:00,1295.0,1295.0,1295.0,1295.0,1100
2026-02-25 09:20:00,1295.0,1295.0,1290.0,1290.0,39100
2026-02-25 09:25:00,1290.0,1290.0,1290.0,1290.0,0
2026-02-25 09:30:00,1290.0,1300.0,1290.0,1295.0,22900
2026-02-25 09:35:00,1295.0,1295.0,1290.0,1290.0,22200
2026-02-25 09:40:00,1290.0,1295.0,1290.0,1290.0,14300
2026-02-25 09:45:00,1290.0,1295.0,1290.0,1295.0,5600
2026-02-25 09:50:00,1290.0,1300.0,1290.0,1295.0,66100
2026-02-25 09:55:00,1295.0,1300.0,1295.0,1300.0,6200
2026-02-25 10:00:00,1300.0,1300.0,1295.0,1295.0,2500
2026-02-25 10:05:00,1300.0,1300.0,1295.0,1300.0,32400
2026-02-25 10:10:00,1300.0,1300.0,1295.0,1300.0,14000
2026-02-25 10:15:00,1300.0,1300.0,1295.0,1295.0,1900
2026-02-25 10:20:00,1295.0,1300.0,1295.0,1300.0,1900
2026-02-25 10:25:00,1300.0,1300.0,1300.0,1300.0,600
2026-02-25 10:30:00,1305.0,1305.0,1295.0,1295.0,134200
2026-02-25 10:35:00,1295.0,1295.0,1295.0,1295.0,27800
2026-02-25 10:40:00,1295.0,1295.0,1295.0,1295.0,0
2026-02-25 10:45:00,1295.0,1300.0,1295.0,1300.0,4200
2026-02-25 10:50:00,1295.0,1295.0,1295.0,1295.0,1500
2026-02-25 10:55:00,1300.0,1300.0,1295.0,1295.0,7800
2026-02-25 11:00:00,1295.0,1300.0,1295.0,1295.0,2700
2026-02-25 11:05:00,1295.0,1295.0,1295.0,1295.0,1700
2026-02-25 11:10:00,1295.0,1300.0,1295.0,1295.0,5500
2026-02-25 11:15:00,1295.0,1295.0,1295.0,1295.0,3100
2026-02-25 11:20:00,1295.0,1300.0,1295.0,1300.0,1900
2026-02-25 11:25:00,1295.0,1300.0,1290.0,1290.0,131800
2026-02-25 11:30:00,1290.0,1290.0,1290.0,1290.0,15400
2026-02-25 11:35:00,1290.0,1295.0,1290.0,1290.0,78800
2026-02-25 11:40:00,1290.0,1295.0,1290.0,1290.0,18200
2026-02-25 11:45:00,1290.0,1290.0,1290.0,1290.0,12400
2026-02-25 11:50:00,1290.0,1290.0,1290.0,1290.0,113500
2026-02-25 11:55:00,1290.0,1295.0,1290.0,1290.0,30100
2026-02-25 13:30:00,1290.0,1290.0,1290.0,1290.0,300
2026-02-25 13:35:00,1290.0,1290.0,1290.0,1290.0,24700
2026-02-25 13:40:00,1290.0,1295.0,1290.0,1290.0,16800
2026-02-25 13:45:00,1290.0,1290.0,1290.0,1290.0,14800
2026-02-25 13:50:00,1290.0,1295.0,1285.0,1285.0,87000
2026-02-25 13:55:00,1285.0,1290.0,1285.0,1285.0,36200
2026-02-25 14:00:00,1285.0,1285.0,1285.0,1285.0,23200
2026-02-25 14:05:00,1290.0,1290.0,1285.0,1285.0,33200
2026-02-25 14:10:00,1285.0,1290.0,1285.0,1285.0,27600
2026-02-25 14:15:00,1285.0,1285.0,1285.0,1285.0,8100
2026-02-25 14:20:00,1285.0,1290.0,1285.0,1285.0,42300
2026-02-25 14:25:00,1285.0,1290.0,1285.0,1285.0,40000
2026-02-25 14:30:00,1285.0,1290.0,1285.0,1285.0,76300
2026-02-25 14:35:00,1285.0,1290.0,1285.0,1285.0,19200
2026-02-25 14:40:00,1285.0,1290.0,1285.0,1285.0,15400
2026-02-25 14:45:00,1285.0,1290.0,1285.0,1285.0,125600
2026-02-25 14:50:00,1285.0,1285.0,1285.0,1285.0,13500
2026-02-25 14:55:00,1285.0,1290.0,1285.0,1285.0,25500
2026-02-25 15:00:00,1285.0,1285.0,1285.0,1285.0,13700
2026-02-25 15:05:00,1285.0,1290.0,1285.0,1285.0,184200
2026-02-25 15:10:00,1285.0,1290.0,1285.0,1285.0,129100
2026-02-25 15:15:00,1290.0,1290.0,1285.0,1285.0,134600
2026-02-25 15:20:00,1290.0,1290.0,1285.0,1285.0,121200
2026-02-25 15:25:00,1290.0,1290.0,1285.0,1290.0,73100
2026-02-25 15:30:00,1290.0,1290.0,1285.0,1290.0,41300
2026-02-25 15:35:00,1290.0,1295.0,1290.0,1290.0,11000
2026-02-25 15:40:00,1290.0,1295.0,1290.0,1290.0,26800
2026-02-25 15:45:00,1290.0,1295.0,1290.0,1290.0,17200
2026-02-25 16:00:00,1350.0,1350.0,1350.0,1350.0,15444200
2026-02-25 16:10:00,1350.0,1350.0,1350.0,1350.0,8300
2026-02-26 09:00:00,1325.0,1330.0,1310.0,1310.0,0
2026-02-26 09:05:00,1310.0,1320.0,1310.0,1315.0,119200
2026-02-26 09:10:00,1310.0,1315.0,1310.0,1315.0,19700
2026-02-26 09:15:00,1315.0,1315.0,1305.0,1305.0,22000
2026-02-26 09:20:00,1305.0,1305.0,1305.0,1305.0,200
2026-02-26 09:25:00,1305.0,1315.0,1305.0,1315.0,183000
2026-02-26 09:30:00,1315.0,1315.0,1310.0,1310.0,34800
2026-02-26 09:35:00,1310.0,1310.0,1310.0,1310.0,2900
2026-02-26 09:40:00,1310.0,1310.0,1310.0,1310.0,26200
2026-02-26 09:45:00,1310.0,1310.0,1310.0,1310.0,28300
2026-02-26 09:50:00,1310.0,1310.0,1305.0,1310.0,1900
2026-02-26 09:55:00,1310.0,1310.0,1305.0,1305.0,31200
2026-02-26 10:00:00,1310.0,1310.0,1305.0,1310.0,34800
2026-02-26 10:05:00,1310.0,1315.0,1305.0,1315.0,109600
2026-02-26 10:10:00,1315.0,1315.0,1305.0,1305.0,10400
2026-02-26 10:15:00,1305.0,1315.0,1305.0,1315.0,177000
2026-02-26 10:20:00,1315.0,1315.0,1300.0,1310.0,84600
2026-02-26 10:25:00,1310.0,1310.0,1305.0,1305.0,0
2026-02-26 10:30:00,1300.0,1305.0,1300.0,1300.0,126600
2026-02-26 10:35:00,1305.0,1310.0,1305.0,1310.0,289900
2026-02-26 10:40:00,1310.0,1315.0,1310.0,1310.0,11400
2026-02-26 10:55:00,1305.0,1305.0,1305.0,1305.0,1200
2026-02-26 11:05:00,1305.0,1305.0,1305.0,1305.0,1200
2026-02-26 11:15:00,1310.0,1310.0,1310.0,1310.0,12100
2026-02-26 11:20:00,1310.0,1310.0,1310.0,1310.0,15800
2026-02-26 11:25:00,1310.0,1310.0,1310.0,1310.0,1500
2026-02-26 11:30:00,1305.0,1310.0,1305.0,1310.0,2400
2026-02-26 11:35:00,1310.0,1310.0,1305.0,1305.0,6500
2026-02-26 11:40:00,1305.0,1310.0,1305.0,1310.0,2200
2026-02-26 11:45:00,1310.0,1310.0,1310.0,1310.0,100
2026-02-26 13:30:00,1310.0,1310.0,1305.0,1305.0,56900
2026-02-26 13:35:00,1310.0,1310.0,1305.0,1305.0,3800
2026-02-26 13:40:00,1305.0,1310.0,1305.0,1310.0,3900
2026-02-26 13:45:00,1310.0,1310.0,1305.0,1310.0,0
2026-02-26 13:50:00,1310.0,1310.0,1305.0,1310.0,58700
2026-02-26 13:55:00,1305.0,1310.0,1305.0,1305.0,700
2026-02-26 14:00:00,1310.0,1310.0,1305.0,1310.0,9700
2026-02-26 14:05:00,1310.0,1310.0,1305.0,1310.0,2100
2026-02-26 14:10:00,1305.0,1310.0,1305.0,1305.0,2400
2026-02-26 14:15:00,1305.0,1310.0,1305.0,1305.0,400
2026-02-26 14:20:00,1305.0,1310.0,1305.0,1310.0,3600
2026-02-26 14:25:00,1310.0,1310.0,1305.0,1310.0,300
2026-02-26 14:30:00,1305.0,1310.0,1305.0,1310.0,4000
2026-02-26 14:35:00,1310.0,1310.0,1305.0,1305.0,16000
2026-02-26 14:40:00,1305.0,1310.0,1305.0,1305.0,17200
2026-02-26 14:45:00,1305.0,1310.0,1305.0,1305.0,3700
2026-02-26 14:50:00,1305.0,1310.0,1305.0,1310.0,7400
2026-02-26 14:55:00,1305.0,1310.0,1305.0,1305.0,5400
2026-02-26 15:00:00,1310.0,1310.0,1305.0,1310.0,139800
2026-02-26 15:05:00,1310.0,1310.0,1310.0,1310.0,26700
2026-02-26 15:10:00,1310.0,1310.0,1305.0,1310.0,15500
2026-02-26 15:15:00,1310.0,1310.0,1305.0,1310.0,24900
2026-02-26 15:20:00,1305.0,1310.0,1305.0,1310.0,44100
2026-02-26 15:25:00,1310.0,1310.0,1305.0,1310.0,26600
2026-02-26 15:30:00,1310.0,1310.0,1310.0,1310.0,182800
2026-02-26 15:35:00,1310.0,1310.0,1305.0,1310.0,42200
2026-02-26 15:40:00,1310.0,1310.0,1305.0,1310.0,154200
2026-02-26 15:45:00,1310.0,1310.0,1305.0,1305.0,78800
2026-02-26 16:00:00,1310.0,1310.0,1310.0,1310.0,496500
2026-02-27 09:00:00,1305.0,1305.0,1290.0,1295.0,0
2026-02-27 09:05:00,1295.0,1295.0,1290.0,1290.0,87500
2026-02-27 09:10:00,1290.0,1295.0,1290.0,1290.0,91400
2026-02-27 09:15:00,1290.0,1295.0,1290.0,1290.0,217400
2026-02-27 09:20:00,1295.0,1300.0,1290.0,1300.0,49000
2026-02-27 09:30:00,1300.0,1300.0,1295.0,1295.0,7200
2026-02-27 09:40:00,1295.0,1295.0,1295.0,1295.0,800
2026-02-27 09:45:00,1300.0,1300.0,1295.0,1300.0,12600
2026-02-27 09:50:00,1300.0,1300.0,1300.0,1300.0,500
2026-02-27 09:55:00,1300.0,1300.0,1295.0,1295.0,500
2026-02-27 10:00:00,1295.0,1295.0,1295.0,1295.0,100
2026-02-27 10:05:00,1295.0,1295.0,1295.0,1295.0,0
2026-02-27 10:10:00,1300.0,1300.0,1295.0,1300.0,5400
2026-02-27 10:20:00,1300.0,1300.0,1300.0,1300.0,1500
2026-02-27 10:25:00,1300.0,1300.0,1300.0,1300.0,100
2026-02-27 10:35:00,1295.0,1295.0,1295.0,1295.0,200
2026-02-27 10:45:00,1300.0,1300.0,1300.0,1300.0,2300
2026-02-27 10:50:00,1300.0,1300.0,1300.0,1300.0,7400
2026-02-27 10:55:00,1300.0,1300.0,1295.0,1295.0,3900
2026-02-27 11:00:00,1295.0,1295.0,1295.0,1295.0,27200
2026-02-27 11:05:00,1295.0,1295.0,1295.0,1295.0,200
2026-02-27 11:10:00,1295.0,1295.0,1295.0,1295.0,45200
2026-02-27 11:15:00,1300.0,1300.0,1295.0,1295.0,28900
2026-02-27 11:20:00,1295.0,1295.0,1290.0,1290.0,248300
2026-02-27 11:25:00,1290.0,1295.0,1290.0,1290.0,14200
2026-02-27 14:00:00,1295.0,1295.0,1295.0,1295.0,42500
2026-02-27 14:05:00,1295.0,1295.0,1290.0,1290.0,204600
2026-02-27 14:10:00,1295.0,1295.0,1295.0,1295.0,0
2026-02-27 14:15:00,1295.0,1295.0,1295.0,1295.0,2400
2026-02-27 14:20:00,1295.0,1295.0,1295.0,1295.0,300
2026-02-27 14:25:00,1295.0,1295.0,1295.0,1295.0,140900
2026-02-27 14:30:00,1295.0,1295.0,1295.0,1295.0,100
2026-02-27 14:40:00,1300.0,1300.0,1300.0,1300.0,100
2026-02-27 14:45:00,1300.0,1300.0,1295.0,1295.0,2900
2026-02-27 14:50:00,1295.0,1295.0,1295.0,1295.0,2200
2026-02-27 14:55:00,1300.0,1300.0,1295.0,1300.0,10700
2026-02-27 15:00:00,1295.0,1300.0,1295.0,1300.0,41000
2026-02-27 15:05:00,1295.0,1295.0,1295.0,1295.0,111400
2026-02-27 15:10:00,1295.0,1295.0,1295.0,1295.0,200
2026-02-27 15:15:00,1295.0,1295.0,1295.0,1295.0,200
2026-02-27 15:20:00,1300.0,1300.0,1300.0,1300.0,2400
2026-02-27 15:25:00,1295.0,1300.0,1295.0,1295.0,77800
2026-02-27 15:30:00,1290.0,1295.0,1290.0,1290.0,83200
2026-02-27 15:35:00,1290.0,1295.0,1290.0,1295.0,67600
2026-02-27 15:40:00,1290.0,1295.0,1290.0,1290.0,194000
2026-02-27 15:45:00,1290.0,1295.0,1290.0,1295.0,263500
2026-02-27 16:00:00,1285.0,1285.0,1285.0,1285.0,3225200
2026-02-27 16:05:00,1285.0,1285.0,1285.0,1285.0,30800
2026-02-27 16:10:00,1285.0,1285.0,1285.0,1285.0,1010200
2026-03-02 09:00:00,1275.0,1280.0,1265.0,1270.0,0
2026-03-02 09:05:00,1275.0,1275.0,1270.0,1275.0,163500
2026-03-02 09:10:00,1275.0,1280.0,1275.0,1280.0,129400
2026-03-02 09:15:00,1275.0,1280.0,1275.0,1280.0,132000
2026-03-02 09:20:00,1280.0,1280.0,1275.0,1275.0,14700
2026-03-02 09:25:00,1275.0,1275.0,1275.0,1275.0,1000
2026-03-02 09:30:00,1280.0,1280.0,1275.0,1275.0,27100
2026-03-02 09:35:00,1275.0,1275.0,1275.0,1275.0,37600
2026-03-02 09:40:00,1275.0,1275.0,1275.0,1275.0,200
2026-03-02 09:45:00,1280.0,1290.0,1280.0,1290.0,92000
2026-03-02 09:55:00,1280.0,1280.0,1280.0,1280.0,3600
2026-03-02 10:00:00,1280.0,1285.0,1280.0,1280.0,2600
2026-03-02 10:05:00,1285.0,1285.0,1280.0,1280.0,1300
2026-03-02 10:10:00,1285.0,1285.0,1280.0,1285.0,11400
2026-03-02 10:15:00,1285.0,1285.0,1280.0,1280.0,30600
2026-03-02 10:20:00,1285.0,1285.0,1280.0,1285.0,11800
2026-03-02 10:25:00,1280.0,1280.0,1280.0,1280.0,35500
2026-03-02 10:30:00,1280.0,1285.0,1280.0,1280.0,6900
2026-03-02 10:35:00,1280.0,1285.0,1280.0,1280.0,27900
2026-03-02 10:40:00,1280.0,1280.0,1275.0,1275.0,33600
2026-03-02 10:45:00,1275.0,1275.0,1275.0,1275.0,15200
2026-03-02 10:50:00,1280.0,1280.0,1275.0,1275.0,6000
2026-03-02 10:55:00,1275.0,1275.0,1275.0,1275.0,9300
2026-03-02 11:00:00,1275.0,1280.0,1275.0,1275.0,18100
2026-03-02 11:05:00,1280.0,1280.0,1275.0,1275.0,2900
2026-03-02 11:10:00,1275.0,1275.0,1275.0,1275.0,9300
2026-03-02 11:15:00,1275.0,1285.0,1275.0,1285.0,114600
2026-03-02 11:20:00,1285.0,1285.0,1280.0,1280.0,42200
2026-03-02 11:25:00,1280.0,1280.0,1280.0,1280.0,8400
2026-03-02 11:30:00,1280.0,1285.0,1280.0,1280.0,13900
2026-03-02 11:35:00,1280.0,1280.0,1280.0,1280.0,9500
2026-03-02 11:40:00,1280.0,1280.0,1275.0,1275.0,16200
2026-03-02 11:45:00,1275.0,1275.0,1275.0,1275.0,3500
2026-03-02 11:50:00,1275.0,1280.0,1275.0,1280.0,14600
2026-03-02 11:55:00,1275.0,1280.0,1275.0,1275.0,23100
2026-03-02 13:30:00,1275.0,1280.0,1275.0,1280.0,90200
2026-03-02 13:35:00,1285.0,1285.0,1280.0,1280.0,6600
2026-03-02 13:40:00,1280.0,1280.0,1275.0,1275.0,13200
2026-03-02 13:45:00,1275.0,1275.0,1275.0,1275.0,11100
2026-03-02 13:50:00,1275.0,1275.0,1275.0,1275.0,14900
2026-03-02 13:55:00,1275.0,1280.0,1275.0,1280.0,11200
2026-03-02 14:00:00,1275.0,1280.0,1275.0,1280.0,160000
2026-03-02 14:05:00,1280.0,1280.0,1275.0,1275.0,63900
2026-03-02 14:10:00,1275.0,1275.0,1275.0,1275.0,18900
2026-03-02 14:15:00,1275.0,1280.0,1275.0,1280.0,19400
2026-03-02 14:20:00,1280.0,1280.0,1275.0,1275.0,9800
2026-03-02 14:25:00,1275.0,1280.0,1275.0,1275.0,19800
2026-03-02 14:30:00,1275.0,1275.0,1275.0,1275.0,14100
2026-03-02 14:35:00,1275.0,1275.0,1275.0,1275.0,30600
2026-03-02 14:40:00,1275.0,1280.0,1275.0,1280.0,17500
2026-03-02 14:45:00,1275.0,1275.0,1275.0,1275.0,21900
2026-03-02 14:50:00,1280.0,1280.0,1275.0,1275.0,19500
2026-03-02 14:55:00,1275.0,1275.0,1275.0,1275.0,22400
2026-03-02 15:00:00,1275.0,1275.0,1275.0,1275.0,49300
2026-03-02 15:05:00,1275.0,1280.0,1275.0,1275.0,333600
2026-03-02 15:10:00,1280.0,1280.0,1275.0,1275.0,105700
2026-03-02 15:15:00,1275.0,1275.0,1275.0,1275.0,39400
2026-03-02 15:20:00,1275.0,1275.0,1275.0,1275.0,13500
2026-03-02 15:25:00,1275.0,1280.0,1275.0,1275.0,39900
2026-03-02 15:30:00,1275.0,1275.0,1275.0,1275.0,32800
2026-03-02 15:35:00,1275.0,1280.0,1275.0,1280.0,28400
2026-03-02 15:40:00,1275.0,1280.0,1275.0,1275.0,66900
2026-03-02 15:45:00,1275.0,1280.0,1275.0,1275.0,99000
2026-03-02 16:00:00,1275.0,1275.0,1275.0,1275.0,578700
2026-03-02 16:05:00,1275.0,1275.0,1275.0,1275.0,12600
2026-03-02 16:10:00,1275.0,1275.0,1275.0,1275.0,1000
2026-03-03 09:00:00,1275.0,1300.0,1275.0,1300.0,0
2026-03-03 09:05:00,1295.0,1300.0,1295.0,1300.0,18900
2026-03-03 09:10:00,1300.0,1305.0,1300.0,1300.0,17000
2026-03-03 09:15:00,1300.0,1300.0,1300.0,1300.0,23700
2026-03-03 09:20:00,1300.0,1300.0,1300.0,1300.0,22600
2026-03-03 09:25:00,1305.0,1310.0,1300.0,1305.0,47800
2026-03-03 09:30:00,1305.0,1310.0,1305.0,1310.0,17500
2026-03-03 09:35:00,1310.0,1310.0,1305.0,1305.0,4200
2026-03-03 09:40:00,1300.0,1300.0,1300.0,1300.0,3000
2026-03-03 09:45:00,1305.0,1315.0,1300.0,1300.0,228100
2026-03-03 09:50:00,1310.0,1310.0,1295.0,1295.0,15700
2026-03-03 09:55:00,1300.0,1310.0,1295.0,1300.0,3500
2026-03-03 10:00:00,1305.0,1305.0,1295.0,1300.0,13500
2026-03-03 10:05:00,1300.0,1300.0,1295.0,1300.0,18500
2026-03-03 10:10:00,1300.0,1300.0,1295.0,1300.0,93400
2026-03-03 10:15:00,1305.0,1305.0,1300.0,1300.0,18500
2026-03-03 10:20:00,1300.0,1300.0,1295.0,1300.0,32600
2026-03-03 10:25:00,1300.0,1300.0,1295.0,1295.0,65400
2026-03-03 10:30:00,1295.0,1300.0,1295.0,1300.0,68600
2026-03-03 10:35:00,1300.0,1300.0,1295.0,1300.0,83300
2026-03-03 10:40:00,1300.0,1300.0,1295.0,1300.0,136400
2026-03-03 10:45:00,1300.0,1300.0,1290.0,1290.0,118600
2026-03-03 10:50:00,1290.0,1295.0,1290.0,1290.0,12700
2026-03-03 10:55:00,1290.0,1295.0,1290.0,1290.0,51900
2026-03-03 11:00:00,1295.0,1295.0,1290.0,1295.0,35800
2026-03-03 11:05:00,1295.0,1300.0,1290.0,1290.0,42900
2026-03-03 11:10:00,1300.0,1300.0,1290.0,1290.0,49700
2026-03-03 11:15:00,1295.0,1300.0,1290.0,1295.0,60600
2026-03-03 11:20:00,1295.0,1295.0,1290.0,1290.0,4100
2026-03-03 11:25:00,1295.0,1295.0,1290.0,1290.0,40800
2026-03-03 11:30:00,1295.0,1300.0,1290.0,1290.0,26500
2026-03-03 11:35:00,1300.0,1300.0,1295.0,1295.0,19800
2026-03-03 11:40:00,1295.0,1300.0,1295.0,1295.0,20600
2026-03-03 11:45:00,1300.0,1300.0,1290.0,1295.0,28600
2026-03-03 11:50:00,1295.0,1300.0,1290.0,1295.0,25800
2026-03-03 11:55:00,1300.0,1300.0,1285.0,1285.0,131800
2026-03-03 13:30:00,1300.0,1300.0,1285.0,1285.0,11300
2026-03-03 13:35:00,1290.0,1295.0,1290.0,1295.0,16100
2026-03-03 13:40:00,1295.0,1295.0,1295.0,1295.0,3000
2026-03-03 13:45:00,1295.0,1300.0,1295.0,1300.0,31000
2026-03-03 13:50:00,1300.0,1300.0,1300.0,1300.0,47600
2026-03-03 14:00:00,1290.0,1295.0,1290.0,1295.0,100100
2026-03-03 14:05:00,1285.0,1285.0,1280.0,1285.0,67400
2026-03-03 14:10:00,1280.0,1285.0,1280.0,1285.0,56500
2026-03-03 14:15:00,1285.0,1285.0,1280.0,1280.0,4200
2026-03-03 14:20:00,1280.0,1280.0,1280.0,1280.0,1400
2026-03-03 14:25:00,1280.0,1280.0,1280.0,1280.0,5200
2026-03-03 14:30:00,1285.0,1285.0,1280.0,1280.0,11600
2026-03-03 14:40:00,1285.0,1285.0,1280.0,1280.0,10400
2026-03-03 14:45:00,1285.0,1285.0,1280.0,1280.0,18300
2026-03-03 14:50:00,1280.0,1285.0,1280.0,1285.0,400
2026-03-03 14:55:00,1285.0,1285.0,1280.0,1280.0,14600
2026-03-03 15:00:00,1280.0,1285.0,1280.0,1280.0,29200
2026-03-03 15:05:00,1280.0,1285.0,1280.0,1280.0,14800
2026-03-03 15:10:00,1280.0,1280.0,1275.0,1280.0,127000
2026-03-03 15:15:00,1285.0,1285.0,1285.0,1285.0,9100
2026-03-03 15:20:00,1285.0,1285.0,1280.0,1280.0,9700
2026-03-03 15:30:00,1285.0,1285.0,1280.0,1285.0,28800
2026-03-03 15:35:00,1280.0,1280.0,1280.0,1280.0,0
2026-03-03 15:40:00,1280.0,1280.0,1280.0,1280.0,111100
2026-03-03 15:45:00,1280.0,1280.0,1280.0,1280.0,10300
2026-03-03 16:00:00,1285.0,1285.0,1285.0,1285.0,1306500
2026-03-03 16:05:00,1285.0,1285.0,1285.0,1285.0,0
2026-03-03 16:10:00,1285.0,1285.0,1285.0,1285.0,257600
2026-03-04 09:00:00,1285.0,1290.0,1280.0,1285.0,0
2026-03-04 09:05:00,1280.0,1285.0,1280.0,1280.0,40100
2026-03-04 09:10:00,1280.0,1280.0,1275.0,1280.0,12700
2026-03-04 09:15:00,1280.0,1280.0,1275.0,1275.0,4400
2026-03-04 09:20:00,1275.0,1280.0,1275.0,1280.0,12900
2026-03-04 09:25:00,1275.0,1280.0,1275.0,1280.0,54400
2026-03-04 09:30:00,1280.0,1280.0,1275.0,1280.0,30300
2026-03-04 09:35:00,1275.0,1280.0,1275.0,1275.0,2200
2026-03-04 09:40:00,1275.0,1275.0,1270.0,1270.0,121700
2026-03-04 09:45:00,1275.0,1275.0,1270.0,1270.0,71900
2026-03-04 09:50:00,1275.0,1280.0,1270.0,1275.0,48100
2026-03-04 09:55:00,1275.0,1280.0,1265.0,1270.0,168700
2026-03-04 10:00:00,1270.0,1270.0,1265.0,1270.0,35100
2026-03-04 10:05:00,1265.0,1275.0,1265.0,1275.0,201300
2026-03-04 10:10:00,1270.0,1270.0,1265.0,1265.0,24900
2026-03-04 10:15:00,1265.0,1270.0,1265.0,1270.0,53200
2026-03-04 10:20:00,1265.0,1270.0,1260.0,1260.0,213700
2026-03-04 10:25:00,1265.0,1265.0,1260.0,1265.0,23900
2026-03-04 10:30:00,1265.0,1265.0,1260.0,1265.0,123400
2026-03-04 10:35:00,1260.0,1265.0,1260.0,1260.0,226400
2026-03-04 10:40:00,1260.0,1265.0,1260.0,1260.0,47400
2026-03-04 10:45:00,1260.0,1265.0,1260.0,1260.0,23800
2026-03-04 10:50:00,1275.0,1275.0,1265.0,1265.0,0
2026-03-04 10:55:00,1265.0,1265.0,1260.0,1260.0,89800
2026-03-04 11:00:00,1270.0,1270.0,1265.0,1265.0,1900
2026-03-04 11:05:00,1270.0,1275.0,1270.0,1275.0,85600
2026-03-04 11:10:00,1275.0,1275.0,1275.0,1275.0,31500
2026-03-04 11:15:00,1275.0,1275.0,1275.0,1275.0,7700
2026-03-04 11:20:00,1275.0,1275.0,1265.0,1265.0,49600
2026-03-04 11:25:00,1265.0,1265.0,1265.0,1265.0,8600
2026-03-04 11:30:00,1265.0,1265.0,1265.0,1265.0,0
2026-03-04 11:35:00,1265.0,1270.0,1265.0,1270.0,69500
2026-03-04 11:40:00,1270.0,1270.0,1265.0,1270.0,2000
2026-03-04 11:45:00,1265.0,1270.0,1265.0,1270.0,14100
2026-03-04 11:50:00,1270.0,1270.0,1260.0,1270.0,668100
2026-03-04 11:55:00,1265.0,1265.0,1260.0,1260.0,150700
2026-03-04 13:30:00,1265.0,1265.0,1260.0,1265.0,621000
2026-03-04 13:35:00,1260.0,1265.0,1260.0,1260.0,40000
2026-03-04 13:40:00,1260.0,1260.0,1260.0,1260.0,7000
2026-03-04 13:45:00,1265.0,1265.0,1260.0,1260.0,11800
2026-03-04 13:50:00,1260.0,1260.0,1260.0,1260.0,12000
2026-03-04 13:55:00,1265.0,1265.0,1260.0,1260.0,67700
2026-03-04 14:00:00,1260.0,1260.0,1260.0,1260.0,63100
2026-03-04 14:05:00,1260.0,1260.0,1260.0,1260.0,42400
2026-03-04 14:10:00,1255.0,1260.0,1255.0,1255.0,32000
2026-03-04 14:15:00,1260.0,1260.0,1255.0,1255.0,19600
2026-03-04 14:20:00,1255.0,1260.0,1255.0,1255.0,5700
2026-03-04 14:25:00,1255.0,1260.0,1255.0,1255.0,3500
2026-03-04 14:30:00,1260.0,1260.0,1255.0,1260.0,41300
2026-03-04 14:35:00,1255.0,1260.0,1255.0,1255.0,13700
2026-03-04 14:40:00,1260.0,1260.0,1255.0,1255.0,39000
2026-03-04 14:45:00,1255.0,1260.0,1255.0,1260.0,199400
2026-03-04 14:50:00,1255.0,1260.0,1255.0,1255.0,89500
2026-03-04 14:55:00,1260.0,1260.0,1255.0,1260.0,755200
2026-03-04 15:00:00,1260.0,1260.0,1255.0,1255.0,0
2026-03-04 15:05:00,1255.0,1260.0,1255.0,1255.0,4500
2026-03-04 15:10:00,1260.0,1260.0,1255.0,1260.0,700
2026-03-04 15:15:00,1260.0,1260.0,1255.0,1255.0,600
2026-03-04 15:20:00,1260.0,1260.0,1255.0,1255.0,64400
2026-03-04 15:25:00,1255.0,1265.0,1255.0,1255.0,778800
2026-03-04 15:30:00,1255.0,1255.0,1255.0,1255.0,42800
2026-03-04 15:35:00,1255.0,1260.0,1255.0,1260.0,383300
2026-03-04 15:40:00,1255.0,1260.0,1255.0,1255.0,8100
2026-03-04 15:45:00,1260.0,1260.0,1255.0,1260.0,67300
2026-03-04 16:00:00,1270.0,1270.0,1270.0,1270.0,2593700
2026-03-04 16:05:00,1270.0,1270.0,1270.0,1270.0,1254600
2026-03-04 16:10:00,1270.0,1270.0,1270.0,1270.0,500400
2026-03-05 09:00:00,1270.0,1270.0,1265.0,1270.0,0
2026-03-05 09:05:00,1275.0,1275.0,1265.0,1265.0,18700
2026-03-05 09:10:00,1260.0,1265.0,1260.0,1260.0,40700
2026-03-05 09:15:00,1265.0,1270.0,1260.0,1265.0,32400
2026-03-05 09:20:00,1270.0,1270.0,1260.0,1265.0,26700
2026-03-05 09:25:00,1260.0,1265.0,1260.0,1260.0,1900
2026-03-05 09:30:00,1260.0,1265.0,1260.0,1265.0,56900
2026-03-05 09:35:00,1265.0,1265.0,1265.0,1265.0,1800
2026-03-05 09:40:00,1265.0,1270.0,1265.0,1270.0,24300
2026-03-05 09:45:00,1265.0,1270.0,1260.0,1260.0,92400
2026-03-05 09:50:00,1260.0,1265.0,1260.0,1265.0,200
2026-03-05 10:00:00,1265.0,1265.0,1260.0,1260.0,103900
2026-03-05 10:05:00,1260.0,1265.0,1255.0,1265.0,149000
2026-03-05 10:10:00,1265.0,1265.0,1260.0,1260.0,13200
2026-03-05 10:15:00,1260.0,1270.0,1260.0,1265.0,53400
2026-03-05 10:20:00,1270.0,1270.0,1260.0,1265.0,23000
2026-03-05 10:25:00,1270.0,1270.0,1265.0,1270.0,8400
2026-03-05 10:30:00,1270.0,1270.0,1260.0,1260.0,19500
2026-03-05 10:35:00,1265.0,1270.0,1255.0,1255.0,148800
2026-03-05 10:40:00,1260.0,1260.0,1255.0,1255.0,18000
2026-03-05 10:45:00,1260.0,1265.0,1255.0,1260.0,409200
2026-03-05 10:50:00,1255.0,1260.0,1255.0,1260.0,40900
2026-03-05 10:55:00,1260.0,1260.0,1260.0,1260.0,700
2026-03-05 11:00:00,1260.0,1260.0,1255.0,1260.0,211600
2026-03-05 11:05:00,1255.0,1255.0,1255.0,1255.0,243100
2026-03-05 11:10:00,1255.0,1255.0,1250.0,1250.0,979500
2026-03-05 11:15:00,1255.0,1255.0,1255.0,1255.0,0
2026-03-05 11:20:00,1250.0,1255.0,1245.0,1245.0,40400
2026-03-05 11:25:00,1245.0,1245.0,1240.0,1245.0,77500
2026-03-05 11:30:00,1250.0,1250.0,1245.0,1250.0,32000
2026-03-05 11:35:00,1250.0,1250.0,1245.0,1245.0,13600
2026-03-05 11:40:00,1245.0,1250.0,1245.0,1245.0,14000
2026-03-05 11:45:00,1245.0,1245.0,1245.0,1245.0,12000
2026-03-05 11:50:00,1245.0,1245.0,1245.0,1245.0,9900
2026-03-05 11:55:00,1245.0,1250.0,1245.0,1250.0,16200
2026-03-05 13:30:00,1245.0,1250.0,1240.0,1245.0,48000
2026-03-05 13:35:00,1240.0,1245.0,1240.0,1240.0,33100
2026-03-05 13:40:00,1240.0,1240.0,1240.0,1240.0,28700
2026-03-05 13:45:00,1245.0,1245.0,1235.0,1240.0,284400
2026-03-05 13:50:00,1245.0,1245.0,1240.0,1245.0,40900
2026-03-05 13:55:00,1245.0,1245.0,1240.0,1240.0,7200
2026-03-05 14:00:00,1240.0,1240.0,1235.0,1235.0,93400
2026-03-05 14:05:00,1240.0,1245.0,1240.0,1245.0,10400
2026-03-05 14:10:00,1240.0,1245.0,1240.0,1245.0,11300
2026-03-05 14:15:00,1245.0,1250.0,1240.0,1250.0,170600
2026-03-05 14:20:00,1250.0,1250.0,1245.0,1250.0,24400
2026-03-05 14:25:00,1250.0,1250.0,1245.0,1245.0,26000
2026-03-05 14:30:00,1245.0,1245.0,1245.0,1245.0,16500
2026-03-05 14:35:00,1250.0,1250.0,1240.0,1240.0,197600
2026-03-05 14:40:00,1245.0,1250.0,1240.0,1245.0,192500
2026-03-05 14:45:00,1245.0,1250.0,1240.0,1250.0,155400
2026-03-05 14:50:00,1250.0,1250.0,1245.0,1245.0,189000
2026-03-05 14:55:00,1245.0,1250.0,1245.0,1245.0,125700
2026-03-05 15:00:00,1245.0,1250.0,1245.0,1250.0,63800
2026-03-05 15:05:00,1250.0,1250.0,1245.0,1245.0,74600
2026-03-05 15:10:00,1250.0,1250.0,1245.0,1250.0,1542300
2026-03-05 15:15:00,1250.0,1255.0,1245.0,1250.0,2502700
2026-03-05 15:20:00,1245.0,1255.0,1245.0,1250.0,1246200
2026-03-05 15:25:00,1245.0,1250.0,1245.0,1250.0,451500
2026-03-05 15:30:00,1245.0,1250.0,1245.0,1250.0,1643800
2026-03-05 15:35:00,1250.0,1250.0,1245.0,1250.0,291100
2026-03-05 15:40:00,1245.0,1320.0,1245.0,1290.0,9861300
2026-03-05 15:45:00,1280.0,1280.0,1245.0,1250.0,2906800
2026-03-05 16:00:00,1275.0,1275.0,1275.0,1275.0,5303200
2026-03-05 16:10:00,1275.0,1275.0,1275.0,1275.0,9100
2026-03-06 09:00:00,1275.0,1275.0,1265.0,1265.0,0
2026-03-06 09:05:00,1270.0,1270.0,1270.0,1270.0,200
2026-03-06 09:10:00,1265.0,1265.0,1250.0,1250.0,160300
2026-03-06 09:15:00,1255.0,1260.0,1255.0,1255.0,30200
2026-03-06 09:20:00,1260.0,1270.0,1255.0,1265.0,36300
2026-03-06 09:25:00,1265.0,1305.0,1265.0,1275.0,50500
2026-03-06 09:30:00,1275.0,1305.0,1265.0,1265.0,143200
2026-03-06 09:35:00,1295.0,1300.0,1270.0,1280.0,86900
2026-03-06 09:40:00,1275.0,1290.0,1275.0,1275.0,34000
2026-03-06 09:45:00,1270.0,1300.0,1270.0,1270.0,77900
2026-03-06 09:50:00,1285.0,1310.0,1280.0,1280.0,40300
2026-03-06 09:55:00,1295.0,1315.0,1275.0,1275.0,176000
2026-03-06 10:00:00,1285.0,1285.0,1270.0,1270.0,93200
2026-03-06 10:05:00,1270.0,1280.0,1270.0,1270.0,30400
2026-03-06 10:10:00,1275.0,1280.0,1275.0,1275.0,23600
2026-03-06 10:15:00,1275.0,1275.0,1275.0,1275.0,28700
2026-03-06 10:20:00,1270.0,1270.0,1270.0,1270.0,27200
2026-03-06 10:25:00,1275.0,1275.0,1270.0,1270.0,121900
2026-03-06 10:30:00,1270.0,1270.0,1270.0,1270.0,27300
2026-03-06 10:35:00,1270.0,1270.0,1270.0,1270.0,37900
2026-03-06 10:40:00,1275.0,1275.0,1270.0,1270.0,0
2026-03-06 10:45:00,1275.0,1275.0,1275.0,1275.0,139400
2026-03-06 10:50:00,1275.0,1275.0,1270.0,1270.0,47100
2026-03-06 11:00:00,1275.0,1275.0,1275.0,1275.0,8800
2026-03-06 11:10:00,1275.0,1275.0,1275.0,1275.0,7300
2026-03-06 11:15:00,1275.0,1275.0,1265.0,1275.0,144400
2026-03-06 11:20:00,1270.0,1270.0,1270.0,1270.0,3000
2026-03-06 11:25:00,1270.0,1275.0,1270.0,1270.0,84500
2026-03-06 14:00:00,1275.0,1280.0,1270.0,1280.0,128600
2026-03-06 14:05:00,1275.0,1275.0,1270.0,1270.0,1800
2026-03-06 14:10:00,1275.0,1280.0,1275.0,1275.0,34800
2026-03-06 14:15:00,1275.0,1290.0,1275.0,1275.0,173700
2026-03-06 14:20:00,1290.0,1290.0,1290.0,1290.0,12100
2026-03-06 14:25:00,1285.0,1295.0,1285.0,1285.0,47400
2026-03-06 14:30:00,1285.0,1305.0,1285.0,1300.0,351700
2026-03-06 14:35:00,1300.0,1300.0,1295.0,1295.0,14200
2026-03-06 14:40:00,1290.0,1290.0,1290.0,1290.0,0
2026-03-06 14:45:00,1290.0,1290.0,1290.0,1290.0,30000
2026-03-06 14:50:00,1285.0,1285.0,1285.0,1285.0,19400
2026-03-06 14:55:00,1290.0,1290.0,1285.0,1285.0,10300
2026-03-06 15:00:00,1290.0,1290.0,1290.0,1290.0,8800
2026-03-06 15:05:00,1290.0,1290.0,1280.0,1280.0,11600
2026-03-06 15:10:00,1285.0,1295.0,1285.0,1290.0,17200
2026-03-06 15:15:00,1295.0,1295.0,1295.0,1295.0,200
2026-03-06 15:20:00,1290.0,1295.0,1290.0,1290.0,67200
2026-03-06 15:25:00,1290.0,1295.0,1285.0,1285.0,23700
2026-03-06 15:30:00,1285.0,1285.0,1280.0,1280.0,2000
2026-03-06 15:35:00,1290.0,1300.0,1290.0,1295.0,103800
2026-03-06 15:40:00,1295.0,1300.0,1280.0,1295.0,308400
2026-03-06 15:45:00,1295.0,1300.0,1285.0,1285.0,236600
2026-03-06 16:00:00,1280.0,1280.0,1280.0,1280.0,81800
2026-03-06 16:10:00,1280.0,1280.0,1280.0,1280.0,3900
2026-03-09 09:00:00,1275.0,1275.0,1250.0,1250.0,0
2026-03-09 09:05:00,1250.0,1250.0,1230.0,1230.0,355600
2026-03-09 09:10:00,1235.0,1235.0,1225.0,1225.0,0
2026-03-09 09:15:00,1230.0,1235.0,1225.0,1235.0,103600
2026-03-09 09:20:00,1235.0,1250.0,1235.0,1250.0,23100
2026-03-09 09:25:00,1245.0,1260.0,1240.0,1260.0,386900
2026-03-09 09:30:00,1265.0,1290.0,1265.0,1285.0,732900
2026-03-09 09:35:00,1285.0,1290.0,1280.0,1290.0,182200
2026-03-09 09:40:00,1290.0,1290.0,1275.0,1275.0,23400
2026-03-09 09:45:00,1275.0,1290.0,1275.0,1280.0,116900
2026-03-09 09:50:00,1280.0,1300.0,1280.0,1295.0,403400
2026-03-09 09:55:00,1295.0,1295.0,1280.0,1290.0,50800
2026-03-09 10:00:00,1290.0,1290.0,1285.0,1285.0,9500
2026-03-09 10:05:00,1285.0,1285.0,1280.0,1285.0,7100
2026-03-09 10:10:00,1285.0,1290.0,1280.0,1285.0,196200
2026-03-09 10:15:00,1285.0,1285.0,1280.0,1280.0,170200
2026-03-09 10:20:00,1280.0,1300.0,1280.0,1295.0,544600
2026-03-09 10:25:00,1300.0,1305.0,1290.0,1290.0,75700
2026-03-09 10:35:00,1290.0,1290.0,1285.0,1285.0,3000
2026-03-09 10:40:00,1285.0,1285.0,1285.0,1285.0,8100
2026-03-09 10:45:00,1290.0,1300.0,1285.0,1290.0,63500
2026-03-09 10:50:00,1290.0,1305.0,1290.0,1300.0,176500
2026-03-09 10:55:00,1290.0,1305.0,1290.0,1290.0,45100
2026-03-09 11:00:00,1305.0,1310.0,1290.0,1290.0,5300
2026-03-09 11:05:00,1290.0,1315.0,1290.0,1300.0,441300
2026-03-09 11:10:00,1295.0,1315.0,1295.0,1310.0,141200
2026-03-09 11:15:00,1310.0,1315.0,1300.0,1305.0,46900
2026-03-09 11:20:00,1310.0,1320.0,1305.0,1305.0,142000
2026-03-09 11:25:00,1315.0,1325.0,1295.0,1300.0,646300
2026-03-09 11:30:00,1305.0,1305.0,1300.0,1300.0,1100
2026-03-09 11:35:00,1305.0,1305.0,1305.0,1305.0,8400
2026-03-09 11:40:00,1305.0,1305.0,1300.0,1300.0,16700
2026-03-09 11:45:00,1300.0,1305.0,1300.0,1300.0,400
2026-03-09 11:50:00,1300.0,1300.0,1295.0,1295.0,11700
2026-03-09 11:55:00,1300.0,1300.0,1295.0,1295.0,35800
2026-03-09 13:30:00,1300.0,1325.0,1295.0,1300.0,595800
2026-03-09 13:35:00,1295.0,1325.0,1295.0,1300.0,149800
2026-03-09 13:40:00,1300.0,1300.0,1295.0,1295.0,55900
2026-03-09 13:50:00,1295.0,1300.0,1295.0,1300.0,1600
2026-03-09 13:55:00,1300.0,1300.0,1295.0,1300.0,26700
2026-03-09 14:00:00,1300.0,1300.0,1295.0,1295.0,8300
2026-03-09 14:05:00,1295.0,1300.0,1295.0,1295.0,37800
2026-03-09 14:10:00,1300.0,1305.0,1295.0,1295.0,42400
2026-03-09 14:15:00,1300.0,1315.0,1295.0,1295.0,624000
2026-03-09 14:20:00,1300.0,1300.0,1290.0,1290.0,6700
2026-03-09 14:25:00,1290.0,1295.0,1290.0,1290.0,11500
2026-03-09 14:30:00,1290.0,1295.0,1285.0,1295.0,208000
2026-03-09 14:35:00,1300.0,1315.0,1285.0,1300.0,749300
2026-03-09 14:40:00,1295.0,1295.0,1295.0,1295.0,117000
2026-03-09 14:45:00,1290.0,1290.0,1290.0,1290.0,29100
2026-03-09 14:50:00,1290.0,1295.0,1285.0,1290.0,239300
2026-03-09 14:55:00,1285.0,1285.0,1285.0,1285.0,6200
2026-03-09 15:00:00,1285.0,1295.0,1285.0,1290.0,171300
2026-03-09 15:05:00,1300.0,1300.0,1285.0,1285.0,340800
2026-03-09 15:10:00,1295.0,1310.0,1280.0,1290.0,418700
2026-03-09 15:15:00,1290.0,1305.0,1285.0,1290.0,302900
2026-03-09 15:20:00,1290.0,1290.0,1280.0,1280.0,41300
2026-03-09 15:25:00,1280.0,1280.0,1280.0,1280.0,7700
2026-03-09 15:30:00,1280.0,1280.0,1280.0,1280.0,2400
2026-03-09 15:35:00,1280.0,1285.0,1280.0,1285.0,15600
2026-03-09 15:40:00,1280.0,1285.0,1280.0,1280.0,33000
2026-03-09 15:45:00,1285.0,1290.0,1280.0,1280.0,42400
2026-03-09 16:00:00,1280.0,1280.0,1280.0,1280.0,66900
2026-03-09 16:05:00,1280.0,1280.0,1280.0,1280.0,21300
2026-03-10 09:00:00,1280.0,1280.0,1280.0,1280.0,0
2026-03-10 09:05:00,1280.0,1280.0,1275.0,1275.0,26500
2026-03-10 09:10:00,1280.0,1280.0,1275.0,1275.0,15600
2026-03-10 09:15:00,1280.0,1285.0,1280.0,1285.0,67600
2026-03-10 09:20:00,1280.0,1285.0,1280.0,1285.0,18000
2026-03-10 09:25:00,1290.0,1290.0,1275.0,1275.0,62700
2026-03-10 09:30:00,1275.0,1280.0,1275.0,1280.0,113200
2026-03-10 09:35:00,1280.0,1280.0,1275.0,1275.0,300
2026-03-10 09:40:00,1280.0,1280.0,1270.0,1270.0,129300
2026-03-10 09:45:00,1275.0,1275.0,1270.0,1270.0,25500
2026-03-10 09:50:00,1275.0,1275.0,1270.0,1275.0,4800
2026-03-10 09:55:00,1275.0,1275.0,1270.0,1270.0,99400
2026-03-10 10:00:00,1270.0,1275.0,1270.0,1275.0,212700
2026-03-10 10:10:00,1280.0,1280.0,1275.0,1275.0,131800
2026-03-10 10:15:00,1280.0,1280.0,1280.0,1280.0,85500
2026-03-10 10:20:00,1285.0,1285.0,1280.0,1285.0,55500
2026-03-10 10:25:00,1285.0,1285.0,1275.0,1275.0,101900
2026-03-10 10:30:00,1280.0,1280.0,1280.0,1280.0,37000
2026-03-10 10:35:00,1275.0,1280.0,1275.0,1280.0,249900
2026-03-10 10:40:00,1280.0,1280.0,1275.0,1275.0,20100
2026-03-10 10:45:00,1280.0,1280.0,1275.0,1275.0,16600
2026-03-10 10:50:00,1275.0,1275.0,1275.0,1275.0,25000
2026-03-10 10:55:00,1280.0,1280.0,1280.0,1280.0,1800
2026-03-10 11:00:00,1275.0,1280.0,1275.0,1280.0,14700
2026-03-10 11:05:00,1280.0,1280.0,1280.0,1280.0,13100
2026-03-10 11:10:00,1280.0,1285.0,1280.0,1285.0,154100
2026-03-10 11:15:00,1285.0,1285.0,1280.0,1280.0,203500
2026-03-10 11:20:00,1280.0,1285.0,1280.0,1285.0,25600
2026-03-10 11:25:00,1280.0,1280.0,1280.0,1280.0,0
2026-03-10 11:30:00,1280.0,1280.0,1280.0,1280.0,2000
2026-03-10 11:35:00,1285.0,1285.0,1275.0,1275.0,462500
2026-03-10 11:40:00,1280.0,1280.0,1280.0,1280.0,188700
2026-03-10 11:45:00,1280.0,1280.0,1280.0,1280.0,8600
2026-03-10 11:50:00,1280.0,1280.0,1280.0,1280.0,200
2026-03-10 11:55:00,1285.0,1285.0,1280.0,1280.0,600
2026-03-10 13:30:00,1285.0,1285.0,1280.0,1280.0,89300
2026-03-10 13:40:00,1285.0,1285.0,1285.0,1285.0,76800
2026-03-10 13:50:00,1285.0,1290.0,1285.0,1290.0,49200
2026-03-10 13:55:00,1290.0,1290.0,1290.0,1290.0,18500
2026-03-10 14:00:00,1290.0,1295.0,1290.0,1295.0,98100
2026-03-10 14:05:00,1295.0,1300.0,1295.0,1300.0,137400
2026-03-10 14:10:00,1295.0,1295.0,1295.0,1295.0,3100
2026-03-10 14:15:00,1295.0,1295.0,1290.0,1290.0,46900
2026-03-10 14:20:00,1285.0,1295.0,1285.0,1295.0,26200
2026-03-10 14:25:00,1290.0,1295.0,1290.0,1295.0,15600
2026-03-10 14:30:00,1295.0,1295.0,1290.0,1295.0,40700
2026-03-10 14:35:00,1295.0,1295.0,1290.0,1295.0,25900
2026-03-10 14:40:00,1290.0,1295.0,1290.0,1295.0,30300
2026-03-10 14:45:00,1295.0,1295.0,1290.0,1295.0,37100
2026-03-10 14:50:00,1295.0,1300.0,1290.0,1300.0,229100
2026-03-10 14:55:00,1305.0,1305.0,1295.0,1300.0,401700
2026-03-10 15:00:00,1300.0,1300.0,1295.0,1300.0,52400
2026-03-10 15:05:00,1300.0,1300.0,1295.0,1300.0,240200
2026-03-10 15:10:00,1300.0,1300.0,1295.0,1300.0,144900
2026-03-10 15:15:00,1300.0,1300.0,1295.0,1300.0,106300
2026-03-10 15:20:00,1300.0,1300.0,1295.0,1300.0,80500
2026-03-10 15:25:00,1295.0,1300.0,1295.0,1300.0,90000
2026-03-10 15:30:00,1300.0,1300.0,1295.0,1300.0,110000
2026-03-10 15:35:00,1300.0,1300.0,1295.0,1300.0,202500
2026-03-10 15:40:00,1300.0,1300.0,1295.0,1295.0,101700
2026-03-10 15:45:00,1300.0,1300.0,1295.0,1295.0,10800
2026-03-10 16:00:00,1295.0,1295.0,1295.0,1295.0,1012400
2026-03-11 09:00:00,1295.0,1300.0,1290.0,1295.0,0
2026-03-11 09:05:00,1290.0,1300.0,1290.0,1295.0,52600
2026-03-11 09:10:00,1295.0,1295.0,1290.0,1290.0,38100
2026-03-11 09:15:00,1290.0,1290.0,1290.0,1290.0,2000
2026-03-11 09:20:00,1290.0,1295.0,1290.0,1290.0,4600
2026-03-11 09:25:00,1290.0,1290.0,1285.0,1285.0,66500
2026-03-11 09:30:00,1285.0,1290.0,1285.0,1285.0,38400
2026-03-11 09:40:00,1290.0,1290.0,1290.0,1290.0,2400
2026-03-11 09:45:00,1290.0,1290.0,1290.0,1290.0,5500
2026-03-11 09:50:00,1290.0,1290.0,1285.0,1285.0,6100
2026-03-11 09:55:00,1285.0,1285.0,1280.0,1280.0,93900
2026-03-11 10:00:00,1280.0,1280.0,1280.0,1280.0,5700
2026-03-11 10:10:00,1285.0,1285.0,1280.0,1280.0,2800
2026-03-11 10:15:00,1285.0,1285.0,1285.0,1285.0,3900
2026-03-11 10:20:00,1280.0,1285.0,1280.0,1280.0,6000
2026-03-11 10:25:00,1280.0,1285.0,1280.0,1280.0,18800
2026-03-11 10:30:00,1285.0,1285.0,1280.0,1280.0,5900
2026-03-11 10:35:00,1285.0,1285.0,1280.0,1280.0,15600
2026-03-11 10:40:00,1285.0,1285.0,1285.0,1285.0,300
2026-03-11 10:45:00,1285.0,1285.0,1280.0,1280.0,9000
2026-03-11 10:50:00,1285.0,1285.0,1285.0,1285.0,7600
2026-03-11 10:55:00,1285.0,1285.0,1280.0,1285.0,4500
2026-03-11 11:00:00,1285.0,1285.0,1280.0,1280.0,168100
2026-03-11 11:05:00,1280.0,1285.0,1280.0,1280.0,62500
2026-03-11 11:15:00,1280.0,1280.0,1280.0,1280.0,1500
2026-03-11 11:20:00,1280.0,1280.0,1275.0,1275.0,21400
2026-03-11 11:25:00,1275.0,1280.0,1275.0,1275.0,65600
2026-03-11 11:30:00,1280.0,1280.0,1275.0,1275.0,4000
2026-03-11 11:35:00,1280.0,1280.0,1275.0,1275.0,8500
2026-03-11 11:40:00,1275.0,1280.0,1275.0,1280.0,7400
2026-03-11 11:45:00,1280.0,1280.0,1275.0,1280.0,8800
2026-03-11 11:50:00,1280.0,1280.0,1275.0,1275.0,18700
2026-03-11 11:55:00,1275.0,1280.0,1275.0,1275.0,73100
2026-03-11 13:30:00,1280.0,1280.0,1275.0,1275.0,1700
2026-03-11 13:35:00,1275.0,1275.0,1275.0,1275.0,1600
2026-03-11 13:40:00,1275.0,1275.0,1275.0,1275.0,19700
2026-03-11 13:45:00,1275.0,1275.0,1275.0,1275.0,76900
2026-03-11 13:50:00,1275.0,1275.0,1270.0,1270.0,70300
2026-03-11 13:55:00,1275.0,1275.0,1270.0,1270.0,26000
2026-03-11 14:00:00,1270.0,1275.0,1270.0,1270.0,331100
2026-03-11 14:05:00,1270.0,1270.0,1265.0,1265.0,245000
2026-03-11 14:10:00,1265.0,1270.0,1255.0,1255.0,224200
2026-03-11 14:15:00,1255.0,1260.0,1250.0,1250.0,167100
2026-03-11 14:20:00,1255.0,1255.0,1245.0,1245.0,185500
2026-03-11 14:25:00,1245.0,1250.0,1240.0,1245.0,159500
2026-03-11 14:30:00,1245.0,1245.0,1240.0,1240.0,53000
2026-03-11 14:35:00,1240.0,1260.0,1235.0,1240.0,1279400
2026-03-11 14:40:00,1245.0,1265.0,1240.0,1265.0,229500
2026-03-11 14:45:00,1265.0,1265.0,1260.0,1265.0,58500
2026-03-11 14:50:00,1265.0,1265.0,1255.0,1260.0,206800
2026-03-11 14:55:00,1260.0,1295.0,1250.0,1295.0,1205000
2026-03-11 15:00:00,1295.0,1295.0,1285.0,1290.0,276100
2026-03-11 15:05:00,1290.0,1300.0,1270.0,1290.0,1324700
2026-03-11 15:10:00,1285.0,1350.0,1285.0,1300.0,2492100
2026-03-11 15:15:00,1305.0,1330.0,1290.0,1300.0,628900
2026-03-11 15:20:00,1295.0,1320.0,1280.0,1305.0,1368500
2026-03-11 15:25:00,1300.0,1305.0,1285.0,1290.0,224700
2026-03-11 15:30:00,1290.0,1345.0,1285.0,1300.0,1497000
2026-03-11 15:35:00,1305.0,1350.0,1290.0,1300.0,3243700
2026-03-11 15:40:00,1305.0,1330.0,1295.0,1295.0,4579300
2026-03-11 15:45:00,1295.0,1300.0,1290.0,1295.0,278300
2026-03-11 16:00:00,1300.0,1300.0,1300.0,1300.0,2155100
2026-03-11 16:05:00,1300.0,1300.0,1300.0,1300.0,0
2026-03-12 09:00:00,1295.0,1295.0,1285.0,1290.0,0
2026-03-12 09:05:00,1295.0,1300.0,1285.0,1285.0,66000
2026-03-12 09:10:00,1290.0,1300.0,1290.0,1290.0,13900
2026-03-12 09:15:00,1290.0,1300.0,1285.0,1285.0,23800
2026-03-12 09:20:00,1295.0,1295.0,1290.0,1295.0,19100
2026-03-12 09:25:00,1295.0,1300.0,1290.0,1290.0,8000
2026-03-12 09:30:00,1295.0,1295.0,1290.0,1295.0,2500
2026-03-12 09:35:00,1295.0,1295.0,1295.0,1295.0,3200
2026-03-12 09:40:00,1295.0,1295.0,1285.0,1290.0,108900
2026-03-12 09:45:00,1290.0,1290.0,1290.0,1290.0,3600
2026-03-12 09:50:00,1290.0,1295.0,1285.0,1290.0,27100
2026-03-12 09:55:00,1290.0,1290.0,1285.0,1290.0,32800
2026-03-12 10:00:00,1290.0,1295.0,1285.0,1295.0,15100
2026-03-12 10:05:00,1295.0,1295.0,1295.0,1295.0,5900
2026-03-12 10:10:00,1295.0,1300.0,1285.0,1290.0,29500
2026-03-12 10:15:00,1295.0,1295.0,1290.0,1290.0,4400
2026-03-12 10:20:00,1295.0,1300.0,1290.0,1295.0,8600
2026-03-12 10:25:00,1295.0,1300.0,1290.0,1295.0,7900
2026-03-12 10:30:00,1295.0,1300.0,1295.0,1295.0,6200
2026-03-12 10:35:00,1300.0,1300.0,1285.0,1295.0,143700
2026-03-12 10:40:00,1295.0,1295.0,1285.0,1285.0,6100
2026-03-12 10:45:00,1285.0,1290.0,1285.0,1290.0,8300
2026-03-12 10:50:00,1290.0,1290.0,1285.0,1290.0,9600
2026-03-12 10:55:00,1290.0,1295.0,1285.0,1295.0,8200
2026-03-12 11:00:00,1290.0,1295.0,1290.0,1295.0,5900
2026-03-12 11:05:00,1295.0,1295.0,1285.0,1295.0,35200
2026-03-12 11:10:00,1295.0,1300.0,1295.0,1300.0,8700
2026-03-12 11:15:00,1300.0,1300.0,1300.0,1300.0,8900
2026-03-12 11:20:00,1300.0,1300.0,1295.0,1300.0,16000
2026-03-12 11:25:00,1300.0,1300.0,1290.0,1290.0,27300
2026-03-12 11:30:00,1295.0,1300.0,1290.0,1295.0,47200
2026-03-12 11:35:00,1295.0,1300.0,1290.0,1290.0,191900
2026-03-12 11:40:00,1300.0,1300.0,1290.0,1290.0,3900
2026-03-12 11:45:00,1295.0,1295.0,1290.0,1295.0,17600
2026-03-12 11:50:00,1295.0,1295.0,1290.0,1295.0,8200
2026-03-12 11:55:00,1295.0,1300.0,1290.0,1290.0,10600
2026-03-12 13:30:00,1300.0,1300.0,1290.0,1295.0,127500
2026-03-12 13:35:00,1290.0,1295.0,1290.0,1290.0,158300
2026-03-12 13:40:00,1295.0,1300.0,1285.0,1300.0,736800
2026-03-12 13:45:00,1300.0,1300.0,1295.0,1300.0,119000
2026-03-12 13:50:00,1295.0,1300.0,1295.0,1300.0,8100
2026-03-12 13:55:00,1300.0,1300.0,1290.0,1300.0,28400
2026-03-12 14:00:00,1300.0,1300.0,1295.0,1300.0,5200
2026-03-12 14:05:00,1300.0,1300.0,1290.0,1290.0,32000
2026-03-12 14:10:00,1295.0,1300.0,1290.0,1290.0,167500
2026-03-12 14:15:00,1295.0,1300.0,1290.0,1300.0,5900
2026-03-12 14:20:00,1300.0,1300.0,1290.0,1295.0,13200
2026-03-12 14:25:00,1295.0,1300.0,1290.0,1300.0,20000
2026-03-12 14:30:00,1300.0,1300.0,1295.0,1300.0,9500
2026-03-12 14:35:00,1300.0,1300.0,1295.0,1295.0,9900
2026-03-12 14:40:00,1300.0,1300.0,1295.0,1300.0,9900
2026-03-12 14:45:00,1295.0,1300.0,1290.0,1295.0,112000
2026-03-12 14:50:00,1295.0,1300.0,1290.0,1295.0,50600
2026-03-12 14:55:00,1300.0,1300.0,1295.0,1300.0,7400
2026-03-12 15:00:00,1300.0,1300.0,1290.0,1300.0,30100
2026-03-12 15:05:00,1300.0,1300.0,1290.0,1295.0,14900
2026-03-12 15:10:00,1300.0,1300.0,1290.0,1300.0,9100
2026-03-12 15:15:00,1295.0,1315.0,1295.0,1315.0,627800
2026-03-12 15:20:00,1310.0,1330.0,1300.0,1300.0,2181900
2026-03-12 15:25:00,1305.0,1310.0,1295.0,1300.0,111000
2026-03-12 15:30:00,1295.0,1310.0,1295.0,1305.0,134700
2026-03-12 15:35:00,1305.0,1310.0,1295.0,1300.0,76100
2026-03-12 15:40:00,1300.0,1300.0,1290.0,1300.0,342900
2026-03-12 15:45:00,1295.0,1300.0,1290.0,1300.0,143400
2026-03-12 16:00:00,1290.0,1290.0,1290.0,1290.0,117700
2026-03-12 16:05:00,1290.0,1290.0,1290.0,1290.0,0
2026-03-12 16:10:00,1290.0,1290.0,1290.0,1290.0,3200
2026-03-13 09:00:00,1285.0,1290.0,1285.0,1290.0,0
2026-03-13 09:05:00,1290.0,1300.0,1285.0,1300.0,38500
2026-03-13 09:10:00,1295.0,1300.0,1290.0,1300.0,35800
2026-03-13 09:15:00,1300.0,1300.0,1295.0,1295.0,17400
2026-03-13 09:20:00,1295.0,1295.0,1290.0,1295.0,12900
2026-03-13 09:25:00,1295.0,1300.0,1290.0,1290.0,11400
2026-03-13 09:30:00,1295.0,1315.0,1290.0,1305.0,249400
2026-03-13 09:35:00,1305.0,1310.0,1300.0,1310.0,57200
2026-03-13 09:40:00,1310.0,1320.0,1305.0,1310.0,162200
2026-03-13 09:45:00,1315.0,1315.0,1305.0,1310.0,75900
2026-03-13 09:50:00,1310.0,1320.0,1310.0,1320.0,116600
2026-03-13 09:55:00,1320.0,1325.0,1310.0,1320.0,556100
2026-03-13 10:00:00,1320.0,1330.0,1310.0,1330.0,569300
2026-03-13 10:05:00,1330.0,1330.0,1320.0,1325.0,175300
2026-03-13 10:10:00,1325.0,1335.0,1315.0,1330.0,630600
2026-03-13 10:15:00,1330.0,1335.0,1330.0,1335.0,301600
2026-03-13 10:20:00,1335.0,1340.0,1330.0,1330.0,220200
2026-03-13 10:25:00,1330.0,1330.0,1330.0,1330.0,103300
2026-03-13 10:30:00,1330.0,1330.0,1325.0,1330.0,200700
2026-03-13 10:35:00,1330.0,1330.0,1320.0,1325.0,111300
2026-03-13 10:40:00,1325.0,1325.0,1320.0,1325.0,44100
2026-03-13 10:45:00,1325.0,1330.0,1320.0,1330.0,131200
2026-03-13 10:50:00,1325.0,1330.0,1320.0,1325.0,85200
2026-03-13 10:55:00,1325.0,1325.0,1305.0,1320.0,280600
2026-03-13 11:00:00,1325.0,1325.0,1315.0,1320.0,37800
2026-03-13 11:05:00,1320.0,1320.0,1315.0,1320.0,16500
2026-03-13 11:10:00,1320.0,1320.0,1320.0,1320.0,97500
2026-03-13 11:15:00,1320.0,1330.0,1315.0,1330.0,492300
2026-03-13 11:20:00,1325.0,1340.0,1320.0,1325.0,720700
2026-03-13 11:25:00,1325.0,1340.0,1325.0,1325.0,335400
2026-03-13 14:00:00,1325.0,1335.0,1320.0,1325.0,555400
2026-03-13 14:05:00,1325.0,1325.0,1315.0,1320.0,369000
2026-03-13 14:10:00,1320.0,1320.0,1315.0,1320.0,12600
2026-03-13 14:15:00,1320.0,1320.0,1310.0,1310.0,140500
2026-03-13 14:20:00,1315.0,1315.0,1305.0,1305.0,26500
2026-03-13 14:25:00,1310.0,1310.0,1305.0,1310.0,34600
2026-03-13 14:30:00,1310.0,1310.0,1300.0,1310.0,171500
2026-03-13 14:35:00,1310.0,1310.0,1300.0,1300.0,58300
2026-03-13 14:40:00,1305.0,1310.0,1300.0,1310.0,52500
2026-03-13 14:45:00,1310.0,1310.0,1305.0,1305.0,51700
2026-03-13 14:50:00,1305.0,1305.0,1300.0,1300.0,92100
2026-03-13 14:55:00,1305.0,1305.0,1295.0,1305.0,71700
2026-03-13 15:00:00,1305.0,1305.0,1300.0,1300.0,28900
2026-03-13 15:05:00,1305.0,1305.0,1300.0,1300.0,93500
2026-03-13 15:10:00,1305.0,1305.0,1295.0,1300.0,73500
2026-03-13 15:15:00,1305.0,1305.0,1300.0,1305.0,50200
2026-03-13 15:20:00,1305.0,1305.0,1285.0,1285.0,448100
2026-03-13 15:25:00,1295.0,1305.0,1290.0,1305.0,159200
2026-03-13 15:30:00,1305.0,1325.0,1295.0,1320.0,2953900
2026-03-13 15:35:00,1325.0,1350.0,1320.0,1340.0,5285300
2026-03-13 15:40:00,1340.0,1345.0,1315.0,1325.0,1387700
2026-03-13 15:45:00,1325.0,1330.0,1305.0,1310.0,456500
2026-03-13 16:00:00,1300.0,1300.0,1300.0,1300.0,1067100
2026-03-13 16:05:00,1300.0,1300.0,1300.0,1300.0,0
2026-03-16 09:00:00,1310.0,1310.0,1290.0,1290.0,0
2026-03-16 09:05:00,1295.0,1295.0,1285.0,1285.0,70600
2026-03-16 09:10:00,1285.0,1295.0,1285.0,1285.0,42500
2026-03-16 09:15:00,1295.0,1300.0,1285.0,1295.0,25500
2026-03-16 09:20:00,1300.0,1300.0,1290.0,1295.0,62500
2026-03-16 09:25:00,1300.0,1310.0,1290.0,1300.0,149700
2026-03-16 09:30:00,1305.0,1310.0,1300.0,1305.0,184600
2026-03-16 09:35:00,1310.0,1310.0,1305.0,1310.0,118700
2026-03-16 09:40:00,1310.0,1310.0,1305.0,1310.0,12400
2026-03-16 09:45:00,1305.0,1315.0,1305.0,1315.0,135100
2026-03-16 09:50:00,1315.0,1315.0,1310.0,1310.0,14400
2026-03-16 09:55:00,1315.0,1315.0,1310.0,1315.0,8800
2026-03-16 10:00:00,1315.0,1315.0,1310.0,1310.0,125200
2026-03-16 10:05:00,1315.0,1315.0,1310.0,1310.0,48500
2026-03-16 10:10:00,1315.0,1315.0,1310.0,1310.0,88900
2026-03-16 10:15:00,1320.0,1320.0,1315.0,1315.0,9600
2026-03-16 10:20:00,1320.0,1320.0,1315.0,1315.0,27400
2026-03-16 10:25:00,1320.0,1320.0,1315.0,1315.0,43800
2026-03-16 10:30:00,1320.0,1325.0,1315.0,1320.0,81100
2026-03-16 10:35:00,1325.0,1330.0,1320.0,1325.0,223100
2026-03-16 10:40:00,1325.0,1325.0,1320.0,1325.0,14200
2026-03-16 10:45:00,1325.0,1330.0,1320.0,1325.0,53000
2026-03-16 10:50:00,1325.0,1330.0,1325.0,1325.0,25500
2026-03-16 10:55:00,1330.0,1330.0,1320.0,1325.0,45900
2026-03-16 11:00:00,1330.0,1335.0,1325.0,1330.0,36500
2026-03-16 11:05:00,1335.0,1335.0,1330.0,1335.0,32600
2026-03-16 11:10:00,1335.0,1335.0,1330.0,1335.0,43200
2026-03-16 11:15:00,1335.0,1335.0,1330.0,1330.0,40300
2026-03-16 11:20:00,1335.0,1340.0,1325.0,1325.0,178600
2026-03-16 11:25:00,1340.0,1340.0,1325.0,1335.0,9800
2026-03-16 11:30:00,1335.0,1335.0,1330.0,1330.0,39000
2026-03-16 11:35:00,1335.0,1335.0,1325.0,1330.0,31200
2026-03-16 11:40:00,1335.0,1335.0,1325.0,1330.0,28100
2026-03-16 11:45:00,1335.0,1335.0,1325.0,1330.0,27100
2026-03-16 11:50:00,1330.0,1335.0,1330.0,1330.0,59900
2026-03-16 11:55:00,1330.0,1340.0,1325.0,1325.0,162300
2026-03-16 13:30:00,1325.0,1335.0,1320.0,1330.0,80600
2026-03-16 13:35:00,1330.0,1330.0,1325.0,1325.0,9900
2026-03-16 13:40:00,1330.0,1335.0,1325.0,1330.0,16800
2026-03-16 13:45:00,1335.0,1335.0,1330.0,1330.0,82400
2026-03-16 13:50:00,1335.0,1335.0,1335.0,1335.0,13100
2026-03-16 13:55:00,1335.0,1335.0,1325.0,1330.0,221500
2026-03-16 14:00:00,1330.0,1335.0,1330.0,1335.0,90000
2026-03-16 14:05:00,1335.0,1335.0,1330.0,1330.0,43400
2026-03-16 14:10:00,1335.0,1335.0,1330.0,1335.0,16300
2026-03-16 14:15:00,1335.0,1335.0,1330.0,1330.0,395200
2026-03-16 14:20:00,1330.0,1335.0,1325.0,1335.0,359200
2026-03-16 14:25:00,1335.0,1360.0,1330.0,1345.0,1698800
2026-03-16 14:30:00,1345.0,1350.0,1340.0,1340.0,206900
2026-03-16 14:35:00,1345.0,1350.0,1340.0,1345.0,276100
2026-03-16 14:40:00,1345.0,1345.0,1340.0,1345.0,21900
2026-03-16 14:45:00,1345.0,1345.0,1340.0,1345.0,77200
2026-03-16 14:50:00,1345.0,1345.0,1335.0,1335.0,47200
2026-03-16 14:55:00,1340.0,1340.0,1330.0,1330.0,254000
2026-03-16 15:00:00,1335.0,1340.0,1335.0,1335.0,44100
2026-03-16 15:05:00,1340.0,1340.0,1330.0,1330.0,42300
2026-03-16 15:10:00,1335.0,1335.0,1330.0,1335.0,51900
2026-03-16 15:15:00,1335.0,1340.0,1330.0,1335.0,122700
2026-03-16 15:20:00,1335.0,1335.0,1325.0,1330.0,157100
2026-03-16 15:25:00,1335.0,1335.0,1325.0,1325.0,343700
2026-03-16 15:30:00,1335.0,1335.0,1325.0,1330.0,98800
2026-03-16 15:35:00,1335.0,1335.0,1325.0,1330.0,129700
2026-03-16 15:40:00,1335.0,1345.0,1325.0,1330.0,151600
2026-03-16 15:45:00,1335.0,1340.0,1330.0,1335.0,34600
2026-03-16 16:00:00,1335.0,1335.0,1335.0,1335.0,309500
2026-03-16 16:05:00,1335.0,1335.0,1335.0,1335.0,67100
2026-03-17 09:00:00,1340.0,1345.0,1335.0,1345.0,0
2026-03-17 09:05:00,1350.0,1350.0,1305.0,1320.0,1061000
2026-03-17 09:10:00,1320.0,1335.0,1305.0,1320.0,132600
2026-03-17 09:15:00,1330.0,1330.0,1320.0,1330.0,16800
2026-03-17 09:20:00,1325.0,1330.0,1325.0,1325.0,13900
2026-03-17 09:25:00,1330.0,1330.0,1310.0,1310.0,252600
2026-03-17 09:30:00,1315.0,1320.0,1315.0,1315.0,9000
2026-03-17 09:35:00,1315.0,1320.0,1300.0,1300.0,248000
2026-03-17 09:40:00,1305.0,1305.0,1300.0,1300.0,600
2026-03-17 09:45:00,1300.0,1310.0,1300.0,1310.0,68100
2026-03-17 09:50:00,1305.0,1310.0,1305.0,1305.0,15300
2026-03-17 09:55:00,1310.0,1310.0,1305.0,1305.0,25500
2026-03-17 10:00:00,1310.0,1310.0,1305.0,1305.0,16000
2026-03-17 10:05:00,1310.0,1310.0,1300.0,1300.0,131800
2026-03-17 10:10:00,1305.0,1305.0,1300.0,1300.0,8200
2026-03-17 10:15:00,1300.0,1300.0,1300.0,1300.0,1500
2026-03-17 10:20:00,1300.0,1300.0,1295.0,1295.0,71300
2026-03-17 10:25:00,1295.0,1295.0,1295.0,1295.0,10900
2026-03-17 10:30:00,1295.0,1295.0,1295.0,1295.0,3200
2026-03-17 10:35:00,1295.0,1300.0,1295.0,1295.0,128000
2026-03-17 10:40:00,1300.0,1300.0,1295.0,1300.0,25600
2026-03-17 10:45:00,1300.0,1305.0,1300.0,1300.0,171300
2026-03-17 10:50:00,1305.0,1305.0,1300.0,1300.0,42900
2026-03-17 10:55:00,1300.0,1305.0,1300.0,1305.0,29600
2026-03-17 11:00:00,1305.0,1315.0,1305.0,1305.0,222500
2026-03-17 11:05:00,1310.0,1325.0,1305.0,1305.0,85900
2026-03-17 11:10:00,1315.0,1325.0,1315.0,1325.0,163600
2026-03-17 11:15:00,1325.0,1330.0,1325.0,1325.0,95900
2026-03-17 11:20:00,1330.0,1330.0,1325.0,1325.0,88300
2026-03-17 11:25:00,1325.0,1325.0,1320.0,1325.0,187000
2026-03-17 11:30:00,1320.0,1325.0,1320.0,1320.0,62600
2026-03-17 11:35:00,1325.0,1330.0,1320.0,1320.0,131800
2026-03-17 11:40:00,1320.0,1320.0,1320.0,1320.0,300
2026-03-17 11:45:00,1325.0,1330.0,1320.0,1320.0,67000
2026-03-17 11:50:00,1320.0,1325.0,1320.0,1320.0,2800
2026-03-17 11:55:00,1325.0,1325.0,1320.0,1320.0,34300
2026-03-17 13:30:00,1325.0,1330.0,1325.0,1330.0,21200
2026-03-17 13:35:00,1330.0,1335.0,1330.0,1330.0,140300
2026-03-17 13:40:00,1335.0,1340.0,1335.0,1340.0,43900
2026-03-17 13:45:00,1340.0,1340.0,1335.0,1335.0,258500
2026-03-17 13:50:00,1340.0,1345.0,1335.0,1340.0,191800
2026-03-17 13:55:00,1340.0,1345.0,1335.0,1335.0,146300
2026-03-17 14:00:00,1340.0,1340.0,1335.0,1340.0,70600
2026-03-17 14:05:00,1335.0,1345.0,1335.0,1340.0,36900
2026-03-17 14:10:00,1345.0,1345.0,1295.0,1295.0,1442600
2026-03-17 14:15:00,1300.0,1320.0,1295.0,1305.0,1424100
2026-03-17 14:20:00,1305.0,1315.0,1305.0,1310.0,328800
2026-03-17 14:25:00,1310.0,1310.0,1295.0,1295.0,488000
2026-03-17 14:30:00,1300.0,1300.0,1295.0,1300.0,53600
2026-03-17 14:35:00,1300.0,1300.0,1295.0,1300.0,181100
2026-03-17 14:40:00,1305.0,1305.0,1305.0,1305.0,200
2026-03-17 14:45:00,1300.0,1300.0,1300.0,1300.0,300
2026-03-17 14:50:00,1305.0,1305.0,1300.0,1300.0,141400
2026-03-17 14:55:00,1305.0,1305.0,1300.0,1300.0,114100
2026-03-17 15:00:00,1305.0,1305.0,1300.0,1305.0,300100
2026-03-17 15:05:00,1305.0,1310.0,1305.0,1310.0,20200
2026-03-17 15:10:00,1305.0,1310.0,1305.0,1305.0,2300
2026-03-17 15:15:00,1310.0,1310.0,1305.0,1310.0,77400
2026-03-17 15:20:00,1305.0,1305.0,1280.0,1295.0,1055600
2026-03-17 15:25:00,1290.0,1300.0,1290.0,1295.0,166300
2026-03-17 15:30:00,1295.0,1305.0,1290.0,1290.0,135800
2026-03-17 15:35:00,1290.0,1315.0,1290.0,1295.0,287200
2026-03-17 15:40:00,1300.0,1300.0,1285.0,1290.0,315000
2026-03-17 15:45:00,1290.0,1315.0,1285.0,1285.0,688600
2026-03-17 16:00:00,1325.0,1325.0,1325.0,1325.0,2188400
2026-03-25 09:00:00,1305.0,1310.0,1295.0,1300.0,0
2026-03-25 09:05:00,1305.0,1305.0,1300.0,1300.0,9900
2026-03-25 09:10:00,1300.0,1305.0,1300.0,1300.0,127900
2026-03-25 09:15:00,1305.0,1305.0,1300.0,1300.0,257100
2026-03-25 09:20:00,1300.0,1305.0,1300.0,1300.0,56300
2026-03-25 09:25:00,1305.0,1310.0,1300.0,1305.0,63200
2026-03-25 09:30:00,1305.0,1315.0,1300.0,1300.0,104600
2026-03-25 09:35:00,1310.0,1315.0,1305.0,1310.0,113200
2026-03-25 09:40:00,1310.0,1315.0,1310.0,1310.0,59000
2026-03-25 09:45:00,1310.0,1310.0,1305.0,1305.0,55600
2026-03-25 09:50:00,1305.0,1310.0,1305.0,1305.0,4100
2026-03-25 09:55:00,1305.0,1305.0,1300.0,1305.0,244200
2026-03-25 10:00:00,1305.0,1305.0,1305.0,1305.0,5400
2026-03-25 10:05:00,1305.0,1305.0,1305.0,1305.0,2900
2026-03-25 10:10:00,1305.0,1315.0,1305.0,1310.0,275200
2026-03-25 10:15:00,1310.0,1315.0,1310.0,1315.0,15100
2026-03-25 10:20:00,1320.0,1320.0,1315.0,1315.0,87700
2026-03-25 10:25:00,1315.0,1315.0,1315.0,1315.0,11000
2026-03-25 10:30:00,1320.0,1320.0,1315.0,1315.0,88500
2026-03-25 10:35:00,1320.0,1320.0,1315.0,1320.0,53900
2026-03-25 10:40:00,1325.0,1325.0,1310.0,1310.0,101900
2026-03-25 10:50:00,1310.0,1310.0,1310.0,1310.0,12200
2026-03-25 10:55:00,1310.0,1315.0,1310.0,1310.0,6700
2026-03-25 11:00:00,1310.0,1320.0,1310.0,1320.0,132300
2026-03-25 11:05:00,1315.0,1320.0,1315.0,1320.0,158500
2026-03-25 11:10:00,1315.0,1315.0,1310.0,1310.0,87900
2026-03-25 11:15:00,1315.0,1315.0,1295.0,1300.0,354100
2026-03-25 11:20:00,1310.0,1310.0,1300.0,1305.0,201800
2026-03-25 11:25:00,1310.0,1310.0,1300.0,1305.0,383000
2026-03-25 11:30:00,1310.0,1310.0,1310.0,1310.0,400
2026-03-25 11:35:00,1305.0,1310.0,1305.0,1310.0,116300
2026-03-25 11:40:00,1310.0,1310.0,1305.0,1305.0,23300
2026-03-25 11:45:00,1310.0,1310.0,1305.0,1305.0,31800
2026-03-25 11:50:00,1305.0,1310.0,1305.0,1305.0,2700
2026-03-25 11:55:00,1305.0,1305.0,1305.0,1305.0,7200
2026-03-25 13:30:00,1305.0,1315.0,1305.0,1310.0,71900
2026-03-25 13:35:00,1310.0,1315.0,1310.0,1310.0,2400
2026-03-25 13:40:00,1310.0,1315.0,1300.0,1310.0,39200
2026-03-25 13:45:00,1310.0,1310.0,1300.0,1300.0,231000
2026-03-25 13:50:00,1305.0,1310.0,1300.0,1305.0,309200
2026-03-25 13:55:00,1305.0,1310.0,1300.0,1305.0,101200
2026-03-25 14:00:00,1305.0,1310.0,1305.0,1305.0,74500
2026-03-25 14:15:00,1305.0,1305.0,1305.0,1305.0,4100
2026-03-25 14:20:00,1310.0,1310.0,1305.0,1310.0,80000
2026-03-25 14:25:00,1315.0,1315.0,1315.0,1315.0,62000
2026-03-25 14:30:00,1315.0,1320.0,1305.0,1310.0,156400
2026-03-25 14:40:00,1310.0,1310.0,1305.0,1310.0,191100
2026-03-25 14:45:00,1310.0,1310.0,1305.0,1305.0,15600
2026-03-25 14:50:00,1315.0,1315.0,1305.0,1310.0,222800
2026-03-25 14:55:00,1310.0,1310.0,1300.0,1300.0,133700
2026-03-25 15:00:00,1305.0,1305.0,1300.0,1300.0,197600
2026-03-25 15:05:00,1300.0,1300.0,1300.0,1300.0,5600
2026-03-25 15:10:00,1305.0,1310.0,1305.0,1305.0,93100
2026-03-25 15:15:00,1305.0,1315.0,1305.0,1315.0,270000
2026-03-25 15:20:00,1315.0,1315.0,1305.0,1305.0,194800
2026-03-25 15:25:00,1310.0,1315.0,1305.0,1305.0,217900
2026-03-25 15:30:00,1310.0,1315.0,1305.0,1305.0,134200
2026-03-25 15:35:00,1310.0,1310.0,1305.0,1310.0,195600
2026-03-25 15:40:00,1305.0,1310.0,1300.0,1305.0,134900
2026-03-25 15:45:00,1305.0,1310.0,1300.0,1305.0,71200
2026-03-25 16:00:00,1300.0,1300.0,1300.0,1300.0,262200
2026-03-25 16:05:00,1300.0,1300.0,1300.0,1300.0,4800
2026-03-26 09:00:00,1305.0,1305.0,1295.0,1300.0,0
2026-03-26 09:05:00,1295.0,1300.0,1295.0,1295.0,11100
2026-03-26 09:10:00,1295.0,1300.0,1295.0,1295.0,6000
2026-03-26 09:15:00,1295.0,1295.0,1295.0,1295.0,41500
2026-03-26 09:20:00,1295.0,1295.0,1295.0,1295.0,600
2026-03-26 09:25:00,1300.0,1300.0,1295.0,1295.0,1300
2026-03-26 09:30:00,1300.0,1300.0,1300.0,1300.0,200
2026-03-26 09:35:00,1295.0,1295.0,1285.0,1285.0,348000
2026-03-26 09:40:00,1290.0,1290.0,1290.0,1290.0,0
2026-03-26 09:45:00,1285.0,1285.0,1285.0,1285.0,16800
2026-03-26 09:50:00,1285.0,1285.0,1280.0,1280.0,194500
2026-03-26 09:55:00,1280.0,1285.0,1280.0,1280.0,32900
2026-03-26 10:00:00,1280.0,1280.0,1280.0,1280.0,0
2026-03-26 10:05:00,1285.0,1285.0,1280.0,1280.0,17200
2026-03-26 10:10:00,1285.0,1285.0,1280.0,1280.0,90900
2026-03-26 10:15:00,1285.0,1285.0,1280.0,1280.0,2400
2026-03-26 10:20:00,1280.0,1280.0,1275.0,1275.0,415200
2026-03-26 10:25:00,1275.0,1275.0,1270.0,1270.0,75800
2026-03-26 10:30:00,1275.0,1275.0,1270.0,1275.0,1100
2026-03-26 10:35:00,1270.0,1275.0,1270.0,1275.0,154900
2026-03-26 10:40:00,1275.0,1290.0,1275.0,1290.0,77300
2026-03-26 10:45:00,1295.0,1295.0,1280.0,1285.0,146200
2026-03-26 10:50:00,1285.0,1285.0,1280.0,1280.0,2800
2026-03-26 10:55:00,1295.0,1295.0,1295.0,1295.0,300
2026-03-26 11:00:00,1295.0,1295.0,1280.0,1280.0,96200
2026-03-26 11:05:00,1285.0,1285.0,1285.0,1285.0,3200
2026-03-26 11:15:00,1290.0,1295.0,1290.0,1295.0,52500
2026-03-26 11:20:00,1290.0,1290.0,1290.0,1290.0,42000
2026-03-26 11:25:00,1290.0,1290.0,1290.0,1290.0,2400
2026-03-26 11:35:00,1295.0,1295.0,1285.0,1285.0,33000
2026-03-26 11:45:00,1290.0,1290.0,1285.0,1285.0,4100
2026-03-26 11:50:00,1285.0,1285.0,1285.0,1285.0,0
2026-03-26 11:55:00,1290.0,1290.0,1290.0,1290.0,6400
2026-03-26 13:30:00,1295.0,1295.0,1290.0,1290.0,30500
2026-03-26 13:40:00,1290.0,1290.0,1280.0,1280.0,151800
2026-03-26 13:45:00,1280.0,1285.0,1280.0,1280.0,3200
2026-03-26 13:50:00,1280.0,1280.0,1275.0,1275.0,491000
2026-03-26 13:55:00,1280.0,1280.0,1275.0,1275.0,165100
2026-03-26 14:00:00,1280.0,1280.0,1270.0,1270.0,4478000
2026-03-26 14:05:00,1270.0,1270.0,1255.0,1255.0,6105000
2026-03-26 14:10:00,1255.0,1255.0,1230.0,1230.0,762000
2026-03-26 14:15:00,1230.0,1235.0,1210.0,1215.0,810300
2026-03-26 14:20:00,1215.0,1215.0,1190.0,1195.0,1064200
2026-03-26 14:25:00,1195.0,1200.0,1175.0,1175.0,690800
2026-03-26 14:30:00,1175.0,1175.0,1145.0,1175.0,1522200
2026-03-26 14:35:00,1170.0,1175.0,1150.0,1160.0,474000
2026-03-26 14:40:00,1160.0,1195.0,1155.0,1185.0,924000
2026-03-26 14:45:00,1195.0,1225.0,1195.0,1215.0,541500
2026-03-26 14:50:00,1220.0,1220.0,1210.0,1215.0,257100
2026-03-26 14:55:00,1215.0,1220.0,1210.0,1220.0,259000
2026-03-26 15:00:00,1220.0,1220.0,1215.0,1220.0,68800
2026-03-26 15:05:00,1220.0,1220.0,1200.0,1200.0,457200
2026-03-26 15:10:00,1200.0,1205.0,1190.0,1195.0,780400
2026-03-26 15:15:00,1195.0,1195.0,1190.0,1190.0,166100
2026-03-26 15:20:00,1195.0,1215.0,1190.0,1195.0,460500
2026-03-26 15:25:00,1195.0,1260.0,1195.0,1225.0,3220200
2026-03-26 15:30:00,1230.0,1275.0,1230.0,1235.0,2136000
2026-03-26 15:35:00,1235.0,1265.0,1230.0,1230.0,1197700
2026-03-26 15:40:00,1230.0,1255.0,1215.0,1220.0,771300
2026-03-26 15:45:00,1220.0,1280.0,1220.0,1250.0,5340800
2026-03-26 16:00:00,1250.0,1250.0,1250.0,1250.0,935100
2026-03-27 09:00:00,1250.0,1250.0,1230.0,1235.0,0
2026-03-27 09:05:00,1250.0,1250.0,1235.0,1245.0,54600
2026-03-27 09:10:00,1245.0,1250.0,1240.0,1250.0,48600
2026-03-27 09:15:00,1245.0,1250.0,1245.0,1245.0,73000
2026-03-27 09:20:00,1245.0,1245.0,1240.0,1245.0,43400
2026-03-27 09:25:00,1245.0,1245.0,1240.0,1240.0,13800
2026-03-27 09:30:00,1240.0,1240.0,1240.0,1240.0,77000
2026-03-27 09:35:00,1240.0,1245.0,1240.0,1245.0,1900
2026-03-27 09:40:00,1235.0,1235.0,1235.0,1235.0,32800
2026-03-27 09:45:00,1235.0,1235.0,1230.0,1230.0,56800
2026-03-27 09:50:00,1235.0,1235.0,1235.0,1235.0,0
2026-03-27 09:55:00,1235.0,1235.0,1230.0,1230.0,28100
2026-03-27 10:00:00,1235.0,1240.0,1235.0,1235.0,51600
2026-03-27 10:05:00,1235.0,1245.0,1235.0,1235.0,0
2026-03-27 10:10:00,1235.0,1240.0,1235.0,1240.0,0
2026-03-27 10:15:00,1240.0,1240.0,1240.0,1240.0,1100
2026-03-27 10:20:00,1240.0,1245.0,1235.0,1240.0,63700
2026-03-27 10:25:00,1240.0,1240.0,1235.0,1235.0,2000
2026-03-27 10:40:00,1240.0,1240.0,1240.0,1240.0,3600
2026-03-27 10:45:00,1240.0,1240.0,1240.0,1240.0,7200
2026-03-27 10:50:00,1240.0,1240.0,1240.0,1240.0,4700
2026-03-27 11:00:00,1240.0,1240.0,1240.0,1240.0,100
2026-03-27 11:05:00,1240.0,1240.0,1240.0,1240.0,1800
2026-03-27 11:10:00,1240.0,1240.0,1240.0,1240.0,1000
2026-03-27 11:15:00,1240.0,1240.0,1230.0,1230.0,56300
2026-03-27 11:20:00,1230.0,1230.0,1230.0,1230.0,0
2026-03-27 11:25:00,1235.0,1235.0,1235.0,1235.0,5000
2026-03-27 14:00:00,1235.0,1235.0,1215.0,1220.0,261400
2026-03-27 14:05:00,1220.0,1225.0,1215.0,1220.0,175100
2026-03-27 14:10:00,1225.0,1225.0,1220.0,1220.0,32300
2026-03-27 14:15:00,1220.0,1225.0,1220.0,1225.0,16200
2026-03-27 14:20:00,1225.0,1225.0,1225.0,1225.0,4100
2026-03-27 14:25:00,1225.0,1225.0,1225.0,1225.0,14500
2026-03-27 14:30:00,1225.0,1225.0,1225.0,1225.0,67100
2026-03-27 14:35:00,1225.0,1225.0,1220.0,1225.0,34000
2026-03-27 14:40:00,1225.0,1225.0,1225.0,1225.0,8100
2026-03-27 14:45:00,1225.0,1225.0,1225.0,1225.0,10800
2026-03-27 14:50:00,1225.0,1225.0,1220.0,1225.0,10000
2026-03-27 14:55:00,1225.0,1225.0,1220.0,1225.0,17200
2026-03-27 15:00:00,1225.0,1225.0,1220.0,1220.0,4600
2026-03-27 15:05:00,1220.0,1225.0,1220.0,1225.0,51000
2026-03-27 15:10:00,1220.0,1225.0,1220.0,1225.0,50000
2026-03-27 15:15:00,1225.0,1225.0,1220.0,1225.0,16200
2026-03-27 15:20:00,1225.0,1225.0,1220.0,1220.0,227600
2026-03-27 15:25:00,1225.0,1230.0,1225.0,1230.0,16700
2026-03-27 15:30:00,1225.0,1225.0,1220.0,1225.0,1600
2026-03-27 15:35:00,1225.0,1230.0,1220.0,1225.0,157100
2026-03-27 15:40:00,1225.0,1225.0,1220.0,1225.0,984400
2026-03-27 15:45:00,1225.0,1225.0,1220.0,1225.0,893300
2026-03-27 16:00:00,1225.0,1225.0,1225.0,1225.0,720400
2026-03-27 16:10:00,1225.0,1225.0,1225.0,1225.0,80200
2026-03-30 09:00:00,1220.0,1225.0,1190.0,1190.0,0
2026-03-30 09:05:00,1190.0,1195.0,1190.0,1190.0,31600
2026-03-30 09:10:00,1185.0,1195.0,1185.0,1190.0,38900
2026-03-30 09:15:00,1190.0,1190.0,1185.0,1185.0,12200
2026-03-30 09:20:00,1185.0,1185.0,1180.0,1180.0,19300
2026-03-30 09:25:00,1180.0,1180.0,1180.0,1180.0,1000
2026-03-30 09:30:00,1185.0,1185.0,1180.0,1185.0,5500
2026-03-30 09:35:00,1185.0,1185.0,1185.0,1185.0,1100
2026-03-30 09:40:00,1180.0,1185.0,1175.0,1175.0,150500
2026-03-30 09:45:00,1185.0,1185.0,1175.0,1180.0,160400
2026-03-30 09:50:00,1180.0,1180.0,1175.0,1175.0,261200
2026-03-30 10:00:00,1180.0,1200.0,1180.0,1200.0,190400
2026-03-30 10:05:00,1200.0,1205.0,1195.0,1195.0,130900
2026-03-30 10:10:00,1205.0,1210.0,1205.0,1210.0,15700
2026-03-30 10:15:00,1205.0,1210.0,1205.0,1210.0,15900
2026-03-30 10:20:00,1220.0,1225.0,1220.0,1220.0,259600
2026-03-30 10:25:00,1220.0,1225.0,1220.0,1225.0,0
2026-03-30 10:30:00,1230.0,1230.0,1230.0,1230.0,15900
2026-03-30 10:35:00,1230.0,1230.0,1225.0,1225.0,28600
2026-03-30 10:45:00,1210.0,1210.0,1200.0,1200.0,61900
2026-03-30 10:50:00,1225.0,1225.0,1225.0,1225.0,17200
2026-03-30 10:55:00,1230.0,1230.0,1225.0,1230.0,0
2026-03-30 11:00:00,1225.0,1230.0,1225.0,1230.0,56000
2026-03-30 11:05:00,1230.0,1235.0,1230.0,1235.0,39300
2026-03-30 11:10:00,1235.0,1235.0,1230.0,1230.0,18600
2026-03-30 11:15:00,1225.0,1240.0,1225.0,1240.0,95200
2026-03-30 11:20:00,1240.0,1245.0,1240.0,1245.0,50100
2026-03-30 11:30:00,1240.0,1240.0,1240.0,1240.0,500
2026-03-30 11:35:00,1240.0,1245.0,1240.0,1240.0,91200
2026-03-30 11:40:00,1240.0,1240.0,1235.0,1235.0,133700
2026-03-30 11:45:00,1235.0,1240.0,1235.0,1240.0,191000
2026-03-30 11:50:00,1240.0,1245.0,1240.0,1240.0,70100
2026-03-30 11:55:00,1245.0,1245.0,1245.0,1245.0,46900
2026-03-30 13:30:00,1240.0,1245.0,1235.0,1240.0,27200
2026-03-30 13:35:00,1235.0,1240.0,1230.0,1240.0,18100
2026-03-30 13:40:00,1235.0,1240.0,1235.0,1240.0,1200
2026-03-30 13:45:00,1235.0,1235.0,1230.0,1230.0,68800
2026-03-30 13:50:00,1240.0,1240.0,1240.0,1240.0,94600
2026-03-30 13:55:00,1240.0,1240.0,1240.0,1240.0,61000
2026-03-30 14:00:00,1240.0,1240.0,1240.0,1240.0,13800
2026-03-30 14:05:00,1235.0,1235.0,1235.0,1235.0,50300
2026-03-30 14:10:00,1240.0,1245.0,1240.0,1240.0,62100
2026-03-30 14:15:00,1240.0,1245.0,1240.0,1240.0,89500
2026-03-30 14:20:00,1240.0,1240.0,1240.0,1240.0,56700
2026-03-30 14:25:00,1240.0,1240.0,1240.0,1240.0,375200
2026-03-30 14:30:00,1245.0,1245.0,1245.0,1245.0,0
2026-03-30 14:35:00,1250.0,1250.0,1250.0,1250.0,53300
2026-03-30 14:40:00,1250.0,1250.0,1245.0,1245.0,59200
2026-03-30 14:45:00,1245.0,1250.0,1245.0,1250.0,52600
2026-03-30 14:50:00,1250.0,1360.0,1250.0,1320.0,2261200
2026-03-30 14:55:00,1325.0,1350.0,1295.0,1300.0,1601300
2026-03-30 15:00:00,1295.0,1305.0,1290.0,1305.0,291800
2026-03-30 15:05:00,1305.0,1305.0,1295.0,1300.0,144300
2026-03-30 15:10:00,1300.0,1310.0,1300.0,1310.0,220800
2026-03-30 15:15:00,1305.0,1310.0,1300.0,1305.0,244600
2026-03-30 15:20:00,1300.0,1305.0,1295.0,1295.0,331500
2026-03-30 15:25:00,1300.0,1300.0,1295.0,1295.0,222500
2026-03-30 15:30:00,1300.0,1300.0,1285.0,1285.0,564900
2026-03-30 15:35:00,1285.0,1285.0,1280.0,1285.0,234500
2026-03-30 15:40:00,1280.0,1280.0,1270.0,1275.0,583800
2026-03-30 15:45:00,1270.0,1290.0,1265.0,1285.0,542300
2026-03-30 16:00:00,1285.0,1285.0,1285.0,1285.0,266100
2026-03-30 16:05:00,1285.0,1285.0,1285.0,1285.0,100
2026-03-31 09:00:00,1280.0,1280.0,1260.0,1260.0,0
2026-03-31 09:05:00,1265.0,1265.0,1260.0,1265.0,49300
2026-03-31 09:10:00,1265.0,1265.0,1255.0,1255.0,220900
2026-03-31 09:15:00,1260.0,1265.0,1255.0,1260.0,62300
2026-03-31 09:20:00,1260.0,1260.0,1260.0,1260.0,31900
2026-03-31 09:25:00,1255.0,1255.0,1250.0,1255.0,293600
2026-03-31 09:30:00,1250.0,1255.0,1250.0,1255.0,10500
2026-03-31 09:35:00,1255.0,1255.0,1235.0,1235.0,1085400
2026-03-31 09:40:00,1235.0,1240.0,1225.0,1235.0,80900
2026-03-31 09:45:00,1235.0,1235.0,1230.0,1235.0,9400
2026-03-31 09:50:00,1230.0,1230.0,1225.0,1230.0,41700
2026-03-31 09:55:00,1225.0,1230.0,1225.0,1225.0,127200
2026-03-31 10:00:00,1225.0,1235.0,1220.0,1235.0,131000
2026-03-31 10:05:00,1235.0,1240.0,1235.0,1235.0,81700
2026-03-31 10:10:00,1235.0,1235.0,1225.0,1230.0,40600
2026-03-31 10:15:00,1230.0,1235.0,1230.0,1235.0,9200
2026-03-31 10:20:00,1235.0,1235.0,1215.0,1220.0,174600
2026-03-31 10:25:00,1230.0,1230.0,1220.0,1220.0,77900
2026-03-31 10:30:00,1220.0,1230.0,1220.0,1225.0,100000
2026-03-31 10:35:00,1225.0,1230.0,1220.0,1225.0,65600
2026-03-31 10:40:00,1225.0,1230.0,1220.0,1230.0,119800
2026-03-31 10:45:00,1225.0,1225.0,1215.0,1220.0,272000
2026-03-31 10:50:00,1220.0,1220.0,1220.0,1220.0,26600
2026-03-31 10:55:00,1215.0,1220.0,1205.0,1205.0,554800
2026-03-31 11:00:00,1210.0,1210.0,1205.0,1210.0,263600
2026-03-31 11:05:00,1205.0,1215.0,1205.0,1210.0,95600
2026-03-31 11:10:00,1210.0,1215.0,1210.0,1210.0,33900
2026-03-31 11:15:00,1210.0,1210.0,1205.0,1210.0,13600
2026-03-31 11:20:00,1210.0,1210.0,1205.0,1210.0,23200
2026-03-31 11:30:00,1205.0,1210.0,1205.0,1210.0,14900
2026-03-31 11:35:00,1210.0,1215.0,1210.0,1215.0,42700
2026-03-31 11:40:00,1210.0,1210.0,1210.0,1210.0,27100
2026-03-31 11:45:00,1210.0,1210.0,1210.0,1210.0,86800
2026-03-31 11:50:00,1215.0,1215.0,1215.0,1215.0,0
2026-03-31 11:55:00,1215.0,1215.0,1215.0,1215.0,1100
2026-03-31 13:30:00,1215.0,1215.0,1210.0,1215.0,218100
2026-03-31 13:35:00,1215.0,1215.0,1205.0,1205.0,157100
2026-03-31 13:40:00,1210.0,1215.0,1205.0,1205.0,82000
2026-03-31 13:45:00,1205.0,1210.0,1205.0,1205.0,127800
2026-03-31 13:50:00,1210.0,1210.0,1205.0,1205.0,26400
2026-03-31 13:55:00,1210.0,1210.0,1205.0,1205.0,156600
2026-03-31 14:00:00,1205.0,1205.0,1205.0,1205.0,112000
2026-03-31 14:05:00,1205.0,1210.0,1205.0,1210.0,21800
2026-03-31 14:10:00,1205.0,1205.0,1200.0,1200.0,133000
2026-03-31 14:15:00,1205.0,1210.0,1205.0,1205.0,39800
2026-03-31 14:20:00,1210.0,1210.0,1210.0,1210.0,0
2026-03-31 14:30:00,1205.0,1210.0,1200.0,1205.0,319500
2026-03-31 14:35:00,1205.0,1205.0,1205.0,1205.0,43100
2026-03-31 14:40:00,1205.0,1205.0,1205.0,1205.0,150700
2026-03-31 14:45:00,1210.0,1210.0,1205.0,1210.0,3100
2026-03-31 14:50:00,1205.0,1205.0,1205.0,1205.0,26600
2026-03-31 14:55:00,1210.0,1210.0,1200.0,1205.0,146800
2026-03-31 15:00:00,1205.0,1210.0,1205.0,1210.0,23300
2026-03-31 15:05:00,1210.0,1225.0,1205.0,1225.0,367800
2026-03-31 15:10:00,1230.0,1285.0,1230.0,1270.0,4958700
2026-03-31 15:15:00,1270.0,1270.0,1265.0,1265.0,319400
2026-03-31 15:20:00,1265.0,1265.0,1255.0,1255.0,251300
2026-03-31 15:25:00,1255.0,1255.0,1255.0,1255.0,52000
2026-03-31 15:30:00,1255.0,1260.0,1255.0,1260.0,52500
2026-03-31 15:35:00,1255.0,1255.0,1250.0,1255.0,256200
2026-03-31 15:40:00,1255.0,1255.0,1250.0,1250.0,94900
2026-03-31 15:45:00,1250.0,1285.0,1250.0,1285.0,763100
2026-03-31 16:00:00,1315.0,1315.0,1315.0,1315.0,5134900
2026-04-01 09:00:00,1290.0,1290.0,1245.0,1245.0,0
2026-04-01 09:05:00,1245.0,1270.0,1245.0,1270.0,175200
2026-04-01 09:10:00,1275.0,1285.0,1275.0,1280.0,70800
2026-04-01 09:15:00,1280.0,1280.0,1245.0,1245.0,2992200
2026-04-01 09:20:00,1245.0,1255.0,1245.0,1255.0,105000
2026-04-01 09:25:00,1250.0,1250.0,1245.0,1245.0,145800
2026-04-01 09:30:00,1250.0,1260.0,1245.0,1250.0,268200
2026-04-01 09:35:00,1250.0,1255.0,1245.0,1245.0,57800
2026-04-01 09:40:00,1250.0,1255.0,1245.0,1250.0,80500
2026-04-01 09:45:00,1250.0,1255.0,1240.0,1250.0,814000
2026-04-01 09:50:00,1245.0,1245.0,1225.0,1240.0,1517100
2026-04-01 09:55:00,1235.0,1245.0,1235.0,1235.0,144400
2026-04-01 10:00:00,1235.0,1250.0,1235.0,1240.0,67300
2026-04-01 10:05:00,1240.0,1245.0,1240.0,1245.0,14500
2026-04-01 10:10:00,1250.0,1255.0,1240.0,1250.0,80400
2026-04-01 10:15:00,1245.0,1255.0,1240.0,1245.0,54200
2026-04-01 10:20:00,1245.0,1250.0,1245.0,1250.0,75200
2026-04-01 10:25:00,1245.0,1250.0,1245.0,1245.0,72500
2026-04-01 10:30:00,1245.0,1245.0,1245.0,1245.0,47800
2026-04-01 10:35:00,1245.0,1250.0,1245.0,1245.0,49800
2026-04-01 10:40:00,1245.0,1255.0,1245.0,1250.0,67200
2026-04-01 10:45:00,1250.0,1255.0,1245.0,1255.0,197200
2026-04-01 10:50:00,1255.0,1260.0,1250.0,1260.0,79900
2026-04-01 10:55:00,1260.0,1260.0,1250.0,1260.0,173100
2026-04-01 11:00:00,1260.0,1265.0,1250.0,1260.0,40900
2026-04-01 11:05:00,1260.0,1265.0,1255.0,1260.0,48600
2026-04-01 11:10:00,1260.0,1260.0,1255.0,1255.0,33300
2026-04-01 11:15:00,1255.0,1255.0,1250.0,1255.0,67000
2026-04-01 11:20:00,1250.0,1255.0,1250.0,1250.0,45100
2026-04-01 11:25:00,1250.0,1255.0,1250.0,1250.0,36500
2026-04-01 11:30:00,1250.0,1255.0,1250.0,1255.0,38300
2026-04-01 11:35:00,1255.0,1255.0,1250.0,1250.0,40000
2026-04-01 11:40:00,1250.0,1255.0,1250.0,1250.0,37500
2026-04-01 11:45:00,1250.0,1260.0,1250.0,1260.0,73400
2026-04-01 11:50:00,1260.0,1260.0,1250.0,1255.0,47500
2026-04-01 11:55:00,1255.0,1260.0,1250.0,1255.0,103400
2026-04-01 13:30:00,1255.0,1260.0,1245.0,1250.0,306600
2026-04-01 13:35:00,1245.0,1255.0,1245.0,1250.0,51500
2026-04-01 13:40:00,1250.0,1255.0,1245.0,1250.0,37500
2026-04-01 13:45:00,1245.0,1255.0,1245.0,1250.0,29800
2026-04-01 13:50:00,1250.0,1255.0,1250.0,1255.0,53900
2026-04-01 13:55:00,1255.0,1255.0,1250.0,1250.0,46500
2026-04-01 14:00:00,1250.0,1255.0,1250.0,1255.0,43300
2026-04-01 14:05:00,1255.0,1260.0,1250.0,1255.0,71700
2026-04-01 14:10:00,1255.0,1255.0,1250.0,1255.0,50300
2026-04-01 14:15:00,1255.0,1255.0,1250.0,1255.0,86900
2026-04-01 14:20:00,1250.0,1260.0,1250.0,1255.0,57200
2026-04-01 14:25:00,1255.0,1255.0,1250.0,1255.0,126800
2026-04-01 14:30:00,1250.0,1255.0,1250.0,1255.0,186500
2026-04-01 14:35:00,1250.0,1255.0,1250.0,1255.0,42900
2026-04-01 14:40:00,1255.0,1260.0,1250.0,1260.0,83200
2026-04-01 14:45:00,1260.0,1260.0,1255.0,1260.0,85300
2026-04-01 14:50:00,1260.0,1260.0,1255.0,1255.0,85700
2026-04-01 14:55:00,1255.0,1260.0,1250.0,1250.0,245700
2026-04-01 15:00:00,1255.0,1260.0,1250.0,1260.0,138700
2026-04-01 15:05:00,1255.0,1255.0,1250.0,1255.0,119500
2026-04-01 15:10:00,1255.0,1255.0,1250.0,1250.0,98800
2026-04-01 15:15:00,1255.0,1260.0,1250.0,1250.0,125000
2026-04-01 15:20:00,1250.0,1260.0,1250.0,1255.0,208200
2026-04-01 15:25:00,1260.0,1260.0,1250.0,1255.0,518000
2026-04-01 15:30:00,1255.0,1255.0,1250.0,1255.0,253300
2026-04-01 15:35:00,1255.0,1255.0,1230.0,1235.0,1502400
2026-04-01 15:40:00,1240.0,1245.0,1235.0,1235.0,389200
2026-04-01 15:45:00,1240.0,1245.0,1235.0,1240.0,316800
2026-04-01 16:00:00,1235.0,1235.0,1235.0,1235.0,1057700
2026-04-01 16:05:00,1235.0,1235.0,1235.0,1235.0,39900
2026-04-02 09:00:00,1235.0,1240.0,1230.0,1235.0,0
2026-04-02 09:05:00,1235.0,1235.0,1225.0,1235.0,140900
2026-04-02 09:10:00,1225.0,1230.0,1225.0,1230.0,57800
2026-04-02 09:15:00,1230.0,1235.0,1225.0,1230.0,104400
2026-04-02 09:20:00,1225.0,1230.0,1225.0,1230.0,58600
2026-04-02 09:25:00,1230.0,1230.0,1225.0,1230.0,14200
2026-04-02 09:30:00,1230.0,1230.0,1225.0,1230.0,26000
2026-04-02 09:35:00,1230.0,1230.0,1230.0,1230.0,13000
2026-04-02 09:40:00,1230.0,1230.0,1225.0,1225.0,83600
2026-04-02 09:50:00,1230.0,1230.0,1230.0,1230.0,7300
2026-04-02 09:55:00,1235.0,1250.0,1230.0,1230.0,93700
2026-04-02 10:00:00,1235.0,1240.0,1230.0,1240.0,3900
2026-04-02 10:05:00,1240.0,1245.0,1235.0,1240.0,23400
2026-04-02 10:10:00,1235.0,1235.0,1230.0,1235.0,13100
2026-04-02 10:20:00,1240.0,1240.0,1235.0,1235.0,400
2026-04-02 10:25:00,1235.0,1240.0,1235.0,1240.0,1000
2026-04-02 10:30:00,1240.0,1240.0,1235.0,1240.0,13300
2026-04-02 10:35:00,1245.0,1245.0,1245.0,1245.0,55000
2026-04-02 10:40:00,1240.0,1245.0,1240.0,1240.0,48300
2026-04-02 10:45:00,1240.0,1240.0,1240.0,1240.0,13300
2026-04-02 10:50:00,1245.0,1245.0,1240.0,1240.0,7500
2026-04-02 11:00:00,1240.0,1245.0,1240.0,1245.0,900
2026-04-02 11:10:00,1245.0,1245.0,1240.0,1240.0,3600
2026-04-02 11:15:00,1240.0,1240.0,1240.0,1240.0,2100
2026-04-02 11:20:00,1240.0,1245.0,1240.0,1245.0,4500
2026-04-02 11:25:00,1240.0,1245.0,1240.0,1245.0,4300
2026-04-02 11:30:00,1245.0,1245.0,1245.0,1245.0,3200
2026-04-02 11:35:00,1245.0,1250.0,1240.0,1245.0,65700
2026-04-02 13:30:00,1245.0,1250.0,1235.0,1235.0,121400
2026-04-02 13:35:00,1245.0,1245.0,1245.0,1245.0,0
2026-04-02 13:40:00,1240.0,1245.0,1240.0,1245.0,53700
2026-04-02 13:45:00,1240.0,1240.0,1240.0,1240.0,100
2026-04-02 13:55:00,1245.0,1245.0,1245.0,1245.0,100
2026-04-02 14:05:00,1240.0,1245.0,1240.0,1240.0,39700
2026-04-02 14:10:00,1240.0,1240.0,1235.0,1235.0,212300
2026-04-02 14:15:00,1240.0,1240.0,1235.0,1240.0,47200
2026-04-02 14:20:00,1240.0,1240.0,1240.0,1240.0,0
2026-04-02 14:25:00,1245.0,1245.0,1240.0,1240.0,1300
2026-04-02 14:35:00,1240.0,1240.0,1240.0,1240.0,100
2026-04-02 14:40:00,1240.0,1245.0,1240.0,1240.0,106100
2026-04-02 14:45:00,1240.0,1245.0,1240.0,1240.0,62800
2026-04-02 14:55:00,1245.0,1250.0,1240.0,1240.0,120500
2026-04-02 15:00:00,1240.0,1240.0,1240.0,1240.0,4300
2026-04-02 15:05:00,1240.0,1245.0,1240.0,1240.0,45600
2026-04-02 15:10:00,1240.0,1245.0,1240.0,1240.0,81300
2026-04-02 15:15:00,1240.0,1245.0,1240.0,1240.0,44700
2026-04-02 15:20:00,1240.0,1240.0,1235.0,1240.0,82200
2026-04-02 15:25:00,1240.0,1240.0,1235.0,1235.0,108600
2026-04-02 15:30:00,1235.0,1235.0,1230.0,1235.0,207400
2026-04-02 15:35:00,1235.0,1235.0,1230.0,1230.0,77800
2026-04-02 15:40:00,1235.0,1240.0,1225.0,1230.0,130200
2026-04-02 15:45:00,1230.0,1235.0,1230.0,1230.0,43100
2026-04-02 16:00:00,1225.0,1225.0,1225.0,1225.0,120600
2026-04-06 09:00:00,1225.0,1235.0,1220.0,1220.0,0
2026-04-06 09:05:00,1225.0,1225.0,1220.0,1220.0,13100
2026-04-06 09:10:00,1220.0,1235.0,1220.0,1235.0,29400
2026-04-06 09:15:00,1220.0,1230.0,1220.0,1220.0,1400
2026-04-06 09:20:00,1220.0,1225.0,1220.0,1225.0,200
2026-04-06 09:25:00,1225.0,1225.0,1225.0,1225.0,900
2026-04-06 09:30:00,1230.0,1235.0,1230.0,1230.0,26000
2026-04-06 09:35:00,1230.0,1230.0,1230.0,1230.0,5300
2026-04-06 09:40:00,1235.0,1235.0,1230.0,1230.0,1100
2026-04-06 09:45:00,1230.0,1235.0,1230.0,1230.0,600
2026-04-06 09:50:00,1230.0,1230.0,1225.0,1225.0,50400
2026-04-06 09:55:00,1225.0,1235.0,1225.0,1225.0,263600
2026-04-06 10:00:00,1225.0,1230.0,1225.0,1230.0,17800
2026-04-06 10:05:00,1230.0,1230.0,1225.0,1225.0,300
2026-04-06 10:10:00,1230.0,1230.0,1225.0,1225.0,200
2026-04-06 10:20:00,1230.0,1235.0,1230.0,1235.0,1100
2026-04-06 10:25:00,1235.0,1235.0,1235.0,1235.0,200
2026-04-06 10:30:00,1235.0,1235.0,1225.0,1225.0,6600
2026-04-06 10:35:00,1225.0,1230.0,1225.0,1230.0,2800
2026-04-06 10:40:00,1225.0,1230.0,1225.0,1225.0,9100
2026-04-06 10:45:00,1225.0,1225.0,1225.0,1225.0,300
2026-04-06 10:50:00,1230.0,1230.0,1225.0,1225.0,3600
2026-04-06 10:55:00,1225.0,1230.0,1225.0,1225.0,1500
2026-04-06 11:00:00,1225.0,1225.0,1225.0,1225.0,23900
2026-04-06 11:05:00,1225.0,1230.0,1225.0,1225.0,9300
2026-04-06 11:10:00,1225.0,1225.0,1225.0,1225.0,2600
2026-04-06 11:15:00,1225.0,1225.0,1220.0,1220.0,83600
2026-04-06 11:20:00,1220.0,1220.0,1215.0,1220.0,28300
2026-04-06 11:25:00,1215.0,1225.0,1215.0,1220.0,36300
2026-04-06 11:30:00,1220.0,1220.0,1220.0,1220.0,600
2026-04-06 11:35:00,1220.0,1220.0,1220.0,1220.0,100
2026-04-06 11:40:00,1220.0,1220.0,1215.0,1220.0,48500
2026-04-06 11:45:00,1225.0,1225.0,1220.0,1220.0,500
2026-04-06 11:50:00,1225.0,1225.0,1220.0,1220.0,91800
2026-04-06 11:55:00,1220.0,1220.0,1220.0,1220.0,200
2026-04-06 13:30:00,1215.0,1220.0,1215.0,1220.0,72000
2026-04-06 13:35:00,1220.0,1220.0,1220.0,1220.0,0
2026-04-06 13:40:00,1220.0,1220.0,1220.0,1220.0,1600
2026-04-06 13:45:00,1220.0,1220.0,1215.0,1215.0,3300
2026-04-06 13:50:00,1220.0,1225.0,1220.0,1225.0,32500
2026-04-06 13:55:00,1225.0,1225.0,1220.0,1220.0,200
2026-04-06 14:00:00,1225.0,1225.0,1220.0,1220.0,26600
2026-04-06 14:05:00,1220.0,1225.0,1220.0,1220.0,29300
2026-04-06 14:10:00,1220.0,1225.0,1220.0,1220.0,11000
2026-04-06 14:15:00,1220.0,1225.0,1220.0,1220.0,7800
2026-04-06 14:20:00,1220.0,1225.0,1220.0,1220.0,8600
2026-04-06 14:25:00,1220.0,1225.0,1220.0,1225.0,600
2026-04-06 14:30:00,1220.0,1220.0,1220.0,1220.0,1300
2026-04-06 14:35:00,1220.0,1225.0,1220.0,1220.0,4800
2026-04-06 14:40:00,1220.0,1225.0,1220.0,1220.0,2000
2026-04-06 14:45:00,1220.0,1225.0,1220.0,1220.0,4100
2026-04-06 14:50:00,1220.0,1225.0,1220.0,1225.0,19300
2026-04-06 14:55:00,1225.0,1225.0,1220.0,1220.0,300
2026-04-06 15:00:00,1220.0,1220.0,1220.0,1220.0,7200
2026-04-06 15:05:00,1220.0,1220.0,1220.0,1220.0,2800
2026-04-06 15:10:00,1220.0,1220.0,1220.0,1220.0,72900
2026-04-06 15:15:00,1220.0,1220.0,1220.0,1220.0,4700
2026-04-06 15:20:00,1220.0,1220.0,1215.0,1220.0,34400
2026-04-06 15:25:00,1215.0,1220.0,1215.0,1220.0,10700
2026-04-06 15:30:00,1220.0,1220.0,1220.0,1220.0,7000
2026-04-06 15:35:00,1220.0,1220.0,1220.0,1220.0,200
2026-04-06 15:40:00,1220.0,1220.0,1215.0,1220.0,62000
2026-04-06 15:45:00,1215.0,1215.0,1215.0,1215.0,2100
2026-04-06 16:00:00,1215.0,1215.0,1215.0,1215.0,24900
2026-04-07 09:00:00,1215.0,1215.0,1205.0,1210.0,0
2026-04-07 09:05:00,1210.0,1215.0,1210.0,1210.0,35800
2026-04-07 09:10:00,1210.0,1210.0,1200.0,1200.0,420700
2026-04-07 09:15:00,1200.0,1205.0,1195.0,1195.0,255900
2026-04-07 09:20:00,1195.0,1200.0,1195.0,1195.0,30400
2026-04-07 09:25:00,1195.0,1200.0,1195.0,1195.0,23100
2026-04-07 09:30:00,1200.0,1200.0,1185.0,1185.0,87100
2026-04-07 09:35:00,1185.0,1190.0,1185.0,1190.0,30500
2026-04-07 09:40:00,1185.0,1195.0,1185.0,1195.0,35800
2026-04-07 09:45:00,1190.0,1200.0,1180.0,1180.0,83300
2026-04-07 09:50:00,1180.0,1190.0,1180.0,1185.0,149500
2026-04-07 09:55:00,1185.0,1190.0,1185.0,1185.0,4900
2026-04-07 10:00:00,1185.0,1190.0,1180.0,1190.0,15300
2026-04-07 10:05:00,1180.0,1190.0,1180.0,1180.0,21900
2026-04-07 10:10:00,1185.0,1185.0,1185.0,1185.0,5300
2026-04-07 10:15:00,1185.0,1185.0,1180.0,1180.0,24000
2026-04-07 10:20:00,1180.0,1185.0,1180.0,1185.0,23800
2026-04-07 10:25:00,1185.0,1190.0,1185.0,1190.0,7500
2026-04-07 10:30:00,1185.0,1190.0,1185.0,1190.0,11300
2026-04-07 10:35:00,1190.0,1195.0,1185.0,1190.0,16100
2026-04-07 10:40:00,1185.0,1190.0,1185.0,1185.0,20900
2026-04-07 10:45:00,1185.0,1190.0,1185.0,1185.0,4600
2026-04-07 10:50:00,1185.0,1190.0,1185.0,1185.0,15700
2026-04-07 10:55:00,1185.0,1190.0,1185.0,1185.0,4200
2026-04-07 11:00:00,1185.0,1185.0,1180.0,1180.0,206400
2026-04-07 11:05:00,1180.0,1190.0,1180.0,1185.0,19800
2026-04-07 11:10:00,1185.0,1185.0,1180.0,1180.0,9300
2026-04-07 11:15:00,1180.0,1185.0,1180.0,1180.0,30800
2026-04-07 11:20:00,1180.0,1185.0,1180.0,1185.0,13500
2026-04-07 11:25:00,1185.0,1190.0,1185.0,1190.0,24800
2026-04-07 11:30:00,1185.0,1190.0,1185.0,1190.0,6600
2026-04-07 11:35:00,1190.0,1190.0,1190.0,1190.0,3800
2026-04-07 11:40:00,1190.0,1195.0,1190.0,1190.0,4200
2026-04-07 11:45:00,1190.0,1195.0,1190.0,1195.0,32300
2026-04-07 11:50:00,1190.0,1195.0,1190.0,1190.0,4100
2026-04-07 11:55:00,1190.0,1190.0,1190.0,1190.0,3800
2026-04-07 13:30:00,1190.0,1195.0,1185.0,1190.0,47600
2026-04-07 13:35:00,1185.0,1200.0,1185.0,1190.0,56600
2026-04-07 13:40:00,1190.0,1200.0,1190.0,1190.0,4100
2026-04-07 13:45:00,1190.0,1190.0,1190.0,1190.0,4000
2026-04-07 13:50:00,1190.0,1195.0,1185.0,1190.0,32400
2026-04-07 13:55:00,1190.0,1195.0,1190.0,1190.0,3900
2026-04-07 14:00:00,1190.0,1190.0,1185.0,1190.0,31100
2026-04-07 14:05:00,1185.0,1190.0,1185.0,1185.0,15100
2026-04-07 14:10:00,1185.0,1190.0,1185.0,1185.0,8100
2026-04-07 14:15:00,1185.0,1185.0,1185.0,1185.0,15700
2026-04-07 14:20:00,1185.0,1190.0,1185.0,1185.0,17800
2026-04-07 14:25:00,1185.0,1185.0,1185.0,1185.0,15700
2026-04-07 14:30:00,1185.0,1185.0,1180.0,1180.0,43000
2026-04-07 14:35:00,1180.0,1185.0,1180.0,1180.0,22600
2026-04-07 14:40:00,1180.0,1185.0,1180.0,1180.0,17900
2026-04-07 14:45:00,1180.0,1185.0,1180.0,1180.0,39800
2026-04-07 14:50:00,1180.0,1185.0,1180.0,1180.0,4000
2026-04-07 14:55:00,1180.0,1180.0,1180.0,1180.0,28500
2026-04-07 15:00:00,1180.0,1185.0,1180.0,1185.0,25600
2026-04-07 15:05:00,1185.0,1190.0,1185.0,1185.0,3900
2026-04-07 15:10:00,1185.0,1190.0,1185.0,1190.0,68700
2026-04-07 15:15:00,1185.0,1190.0,1185.0,1185.0,81400
2026-04-07 15:20:00,1185.0,1195.0,1185.0,1190.0,23700
2026-04-07 15:25:00,1190.0,1190.0,1190.0,1190.0,18000
2026-04-07 15:30:00,1190.0,1190.0,1190.0,1190.0,65200
2026-04-07 15:35:00,1190.0,1190.0,1190.0,1190.0,20100
2026-04-07 15:40:00,1190.0,1195.0,1190.0,1195.0,55000
2026-04-07 15:45:00,1190.0,1220.0,1190.0,1205.0,787400
2026-04-07 16:00:00,1215.0,1215.0,1215.0,1215.0,923400
2026-04-07 16:05:00,1215.0,1215.0,1215.0,1215.0,0
2026-04-07 16:10:00,1215.0,1215.0,1215.0,1215.0,1600
2026-04-08 09:00:00,1215.0,1215.0,1190.0,1200.0,0
2026-04-08 09:05:00,1205.0,1205.0,1200.0,1200.0,8200
2026-04-08 09:10:00,1200.0,1200.0,1200.0,1200.0,300
2026-04-08 09:15:00,1205.0,1205.0,1205.0,1205.0,200
2026-04-08 09:20:00,1205.0,1210.0,1200.0,1200.0,125100
2026-04-08 09:25:00,1205.0,1205.0,1200.0,1200.0,8600
2026-04-08 09:30:00,1205.0,1205.0,1200.0,1200.0,30200
2026-04-08 09:35:00,1205.0,1210.0,1205.0,1205.0,87300
2026-04-08 09:40:00,1205.0,1205.0,1205.0,1205.0,0
2026-04-08 09:45:00,1215.0,1215.0,1200.0,1200.0,13400
2026-04-08 09:50:00,1200.0,1205.0,1200.0,1205.0,214700
2026-04-08 09:55:00,1200.0,1215.0,1200.0,1205.0,0
2026-04-08 10:00:00,1210.0,1210.0,1205.0,1205.0,2100
2026-04-08 10:05:00,1210.0,1210.0,1210.0,1210.0,62000
2026-04-08 10:10:00,1215.0,1215.0,1215.0,1215.0,0
2026-04-08 10:15:00,1210.0,1210.0,1210.0,1210.0,14200
2026-04-08 10:20:00,1205.0,1210.0,1205.0,1205.0,2600
2026-04-08 10:25:00,1205.0,1205.0,1205.0,1205.0,1200
2026-04-08 10:30:00,1205.0,1210.0,1205.0,1205.0,28800
2026-04-08 10:35:00,1210.0,1210.0,1210.0,1210.0,1700
2026-04-08 10:45:00,1205.0,1210.0,1205.0,1205.0,4500
2026-04-08 10:50:00,1205.0,1210.0,1205.0,1205.0,1900
2026-04-08 10:55:00,1210.0,1210.0,1205.0,1205.0,2200
2026-04-08 11:00:00,1205.0,1205.0,1205.0,1205.0,800
2026-04-08 11:05:00,1210.0,1210.0,1205.0,1205.0,1900
2026-04-08 11:10:00,1210.0,1210.0,1205.0,1205.0,3500
2026-04-08 11:15:00,1210.0,1210.0,1205.0,1205.0,4800
2026-04-08 11:20:00,1205.0,1210.0,1205.0,1205.0,8700
2026-04-08 11:25:00,1205.0,1210.0,1205.0,1205.0,1500
2026-04-08 11:30:00,1210.0,1210.0,1205.0,1210.0,17900
2026-04-08 11:35:00,1210.0,1210.0,1205.0,1205.0,7700
2026-04-08 11:40:00,1210.0,1210.0,1205.0,1205.0,272100
2026-04-08 11:45:00,1205.0,1205.0,1200.0,1200.0,18500
2026-04-08 11:50:00,1200.0,1210.0,1200.0,1210.0,56400
2026-04-08 11:55:00,1205.0,1210.0,1200.0,1210.0,70800
2026-04-08 13:30:00,1210.0,1210.0,1195.0,1200.0,840700
2026-04-08 13:35:00,1205.0,1205.0,1205.0,1205.0,800
2026-04-08 13:40:00,1205.0,1210.0,1200.0,1200.0,113800
2026-04-08 13:45:00,1210.0,1210.0,1210.0,1210.0,200
2026-04-08 13:50:00,1210.0,1210.0,1205.0,1205.0,600
2026-04-08 13:55:00,1210.0,1210.0,1205.0,1205.0,3300
2026-04-08 14:00:00,1210.0,1210.0,1205.0,1205.0,18500
2026-04-08 14:05:00,1205.0,1210.0,1205.0,1205.0,0
2026-04-08 14:10:00,1210.0,1210.0,1205.0,1205.0,1900
2026-04-08 14:20:00,1210.0,1210.0,1205.0,1210.0,9300
2026-04-08 14:25:00,1205.0,1210.0,1205.0,1205.0,17100
2026-04-08 14:30:00,1210.0,1210.0,1205.0,1210.0,5200
2026-04-08 14:35:00,1205.0,1210.0,1205.0,1210.0,1100
2026-04-08 14:40:00,1210.0,1210.0,1205.0,1210.0,3900
2026-04-08 14:45:00,1205.0,1215.0,1200.0,1215.0,1023700
2026-04-08 14:50:00,1215.0,1215.0,1200.0,1200.0,82100
2026-04-08 14:55:00,1210.0,1215.0,1200.0,1215.0,62100
2026-04-08 15:00:00,1210.0,1215.0,1210.0,1210.0,22700
2026-04-08 15:05:00,1215.0,1220.0,1210.0,1220.0,37900
2026-04-08 15:10:00,1220.0,1220.0,1215.0,1215.0,12000
2026-04-08 15:15:00,1220.0,1220.0,1205.0,1215.0,764600
2026-04-08 15:20:00,1215.0,1215.0,1210.0,1210.0,3500
2026-04-08 15:25:00,1215.0,1215.0,1210.0,1210.0,6100
2026-04-08 15:30:00,1215.0,1215.0,1205.0,1205.0,282200
2026-04-08 15:35:00,1210.0,1210.0,1205.0,1205.0,0
2026-04-08 15:40:00,1210.0,1225.0,1205.0,1210.0,1499700
2026-04-08 15:45:00,1210.0,1240.0,1210.0,1240.0,2624400
2026-04-08 16:00:00,1245.0,1245.0,1245.0,1245.0,1163400
2026-04-08 16:10:00,1245.0,1245.0,1245.0,1245.0,8500
2026-04-09 09:00:00,1235.0,1235.0,1225.0,1225.0,0
2026-04-09 09:05:00,1225.0,1225.0,1215.0,1220.0,23700
2026-04-09 09:10:00,1215.0,1215.0,1210.0,1210.0,16600
2026-04-09 09:15:00,1215.0,1220.0,1215.0,1215.0,5800
2026-04-09 09:20:00,1215.0,1220.0,1210.0,1210.0,16500
2026-04-09 09:25:00,1215.0,1225.0,1215.0,1220.0,10900
2026-04-09 09:30:00,1220.0,1220.0,1220.0,1220.0,8100
2026-04-09 09:35:00,1220.0,1220.0,1220.0,1220.0,1200
2026-04-09 09:40:00,1220.0,1220.0,1220.0,1220.0,200
2026-04-09 09:45:00,1225.0,1225.0,1220.0,1220.0,13800
2026-04-09 09:50:00,1220.0,1225.0,1220.0,1220.0,900
2026-04-09 09:55:00,1220.0,1225.0,1220.0,1225.0,19000
2026-04-09 10:00:00,1220.0,1240.0,1220.0,1235.0,48000
2026-04-09 10:05:00,1240.0,1240.0,1225.0,1225.0,46300
2026-04-09 10:10:00,1225.0,1225.0,1220.0,1220.0,18900
2026-04-09 10:15:00,1225.0,1225.0,1220.0,1220.0,3100
2026-04-09 10:20:00,1225.0,1225.0,1220.0,1220.0,4400
2026-04-09 10:25:00,1225.0,1225.0,1220.0,1220.0,4400
2026-04-09 10:30:00,1220.0,1220.0,1220.0,1220.0,600
2026-04-09 10:35:00,1220.0,1220.0,1220.0,1220.0,16800
2026-04-09 10:40:00,1220.0,1225.0,1220.0,1220.0,10900
2026-04-09 10:45:00,1220.0,1225.0,1220.0,1220.0,7000
2026-04-09 10:50:00,1220.0,1225.0,1220.0,1220.0,18200
2026-04-09 10:55:00,1220.0,1220.0,1220.0,1220.0,17000
2026-04-09 11:00:00,1220.0,1220.0,1220.0,1220.0,8000
2026-04-09 11:05:00,1220.0,1220.0,1220.0,1220.0,16900
2026-04-09 11:10:00,1220.0,1220.0,1220.0,1220.0,11100
2026-04-09 11:15:00,1220.0,1225.0,1220.0,1220.0,6100
2026-04-09 11:20:00,1220.0,1225.0,1220.0,1220.0,17200
2026-04-09 11:25:00,1220.0,1225.0,1220.0,1220.0,20500
2026-04-09 11:30:00,1220.0,1225.0,1220.0,1220.0,19300
2026-04-09 11:35:00,1220.0,1220.0,1220.0,1220.0,1000
2026-04-09 11:40:00,1220.0,1220.0,1220.0,1220.0,6200
2026-04-09 11:45:00,1220.0,1225.0,1220.0,1220.0,33500
2026-04-09 11:50:00,1220.0,1220.0,1215.0,1215.0,22300
2026-04-09 11:55:00,1215.0,1220.0,1215.0,1215.0,54400
2026-04-09 13:30:00,1220.0,1220.0,1215.0,1220.0,70600
2026-04-09 13:35:00,1220.0,1220.0,1220.0,1220.0,1600
2026-04-09 13:40:00,1220.0,1225.0,1220.0,1220.0,17000
2026-04-09 13:45:00,1220.0,1225.0,1220.0,1220.0,21100
2026-04-09 13:50:00,1220.0,1225.0,1220.0,1220.0,17900
2026-04-09 13:55:00,1220.0,1220.0,1215.0,1215.0,37400
2026-04-09 14:00:00,1220.0,1220.0,1215.0,1220.0,24700
2026-04-09 14:05:00,1220.0,1225.0,1220.0,1220.0,6500
2026-04-09 14:10:00,1220.0,1225.0,1220.0,1220.0,30400
2026-04-09 14:15:00,1225.0,1225.0,1220.0,1220.0,56100
2026-04-09 14:20:00,1225.0,1225.0,1220.0,1220.0,16700
2026-04-09 14:25:00,1220.0,1220.0,1215.0,1215.0,61800
2026-04-09 14:30:00,1215.0,1220.0,1215.0,1215.0,76800
2026-04-09 14:35:00,1215.0,1215.0,1215.0,1215.0,29700
2026-04-09 14:40:00,1215.0,1220.0,1215.0,1215.0,41900
2026-04-09 14:45:00,1215.0,1215.0,1215.0,1215.0,36600
2026-04-09 14:50:00,1215.0,1220.0,1215.0,1215.0,1400
2026-04-09 14:55:00,1215.0,1215.0,1215.0,1215.0,27500
2026-04-09 15:00:00,1215.0,1215.0,1215.0,1215.0,33300
2026-04-09 15:05:00,1215.0,1215.0,1215.0,1215.0,62400
2026-04-09 15:10:00,1215.0,1220.0,1210.0,1215.0,280300
2026-04-09 15:15:00,1215.0,1215.0,1210.0,1210.0,88400
2026-04-09 15:20:00,1210.0,1215.0,1210.0,1215.0,15900
2026-04-09 15:25:00,1210.0,1215.0,1210.0,1210.0,119300
2026-04-09 15:30:00,1210.0,1215.0,1210.0,1210.0,262300
2026-04-09 15:35:00,1210.0,1215.0,1210.0,1210.0,115400
2026-04-09 15:40:00,1210.0,1215.0,1210.0,1210.0,80600
2026-04-09 15:45:00,1210.0,1235.0,1210.0,1230.0,1223300
2026-04-09 16:00:00,1235.0,1235.0,1235.0,1235.0,1445200
2026-04-09 16:05:00,1235.0,1235.0,1235.0,1235.0,0
2026-04-09 16:10:00,1235.0,1235.0,1235.0,1235.0,8300
2026-04-10 09:00:00,1230.0,1230.0,1215.0,1220.0,0
2026-04-10 09:05:00,1220.0,1225.0,1220.0,1220.0,74600
2026-04-10 09:10:00,1220.0,1225.0,1220.0,1220.0,14600
2026-04-10 09:15:00,1220.0,1225.0,1220.0,1220.0,11400
2026-04-10 09:20:00,1220.0,1225.0,1220.0,1220.0,700
2026-04-10 09:25:00,1220.0,1220.0,1215.0,1215.0,84300
2026-04-10 09:30:00,1220.0,1220.0,1215.0,1220.0,2800
2026-04-10 09:35:00,1215.0,1220.0,1215.0,1220.0,32000
2026-04-10 09:40:00,1215.0,1220.0,1215.0,1215.0,41600
2026-04-10 09:45:00,1225.0,1225.0,1215.0,1215.0,22100
2026-04-10 09:50:00,1220.0,1225.0,1215.0,1215.0,0
2026-04-10 09:55:00,1220.0,1220.0,1215.0,1215.0,9300
2026-04-10 10:00:00,1220.0,1220.0,1215.0,1215.0,14000
2026-04-10 10:05:00,1220.0,1220.0,1215.0,1215.0,8900
2026-04-10 10:10:00,1220.0,1220.0,1215.0,1215.0,75100
2026-04-10 10:15:00,1215.0,1220.0,1215.0,1215.0,5500
2026-04-10 10:20:00,1220.0,1220.0,1215.0,1220.0,34100
2026-04-10 10:25:00,1215.0,1220.0,1215.0,1215.0,2600
2026-04-10 10:30:00,1220.0,1220.0,1215.0,1215.0,24400
2026-04-10 10:40:00,1220.0,1220.0,1215.0,1220.0,1800
2026-04-10 10:45:00,1220.0,1220.0,1215.0,1215.0,3700
2026-04-10 10:50:00,1215.0,1220.0,1215.0,1220.0,16200
2026-04-10 10:55:00,1220.0,1220.0,1215.0,1220.0,21400
2026-04-10 11:00:00,1220.0,1220.0,1215.0,1215.0,2100
2026-04-10 11:05:00,1220.0,1220.0,1215.0,1215.0,2300
2026-04-10 11:15:00,1215.0,1220.0,1215.0,1220.0,3000
2026-04-10 11:20:00,1215.0,1225.0,1215.0,1220.0,395100
2026-04-10 11:25:00,1220.0,1220.0,1220.0,1220.0,2000
2026-04-10 14:00:00,1220.0,1225.0,1220.0,1225.0,97900
2026-04-10 14:05:00,1225.0,1225.0,1220.0,1220.0,7500
2026-04-10 14:10:00,1220.0,1225.0,1220.0,1220.0,42200
2026-04-10 14:15:00,1220.0,1225.0,1220.0,1220.0,175500
2026-04-10 14:20:00,1220.0,1220.0,1220.0,1220.0,1700
2026-04-10 14:25:00,1225.0,1225.0,1220.0,1220.0,1900
2026-04-10 14:30:00,1220.0,1225.0,1220.0,1220.0,2500
2026-04-10 14:35:00,1220.0,1220.0,1220.0,1220.0,500
2026-04-10 14:40:00,1225.0,1225.0,1220.0,1220.0,13400
2026-04-10 14:45:00,1220.0,1225.0,1220.0,1220.0,19000
2026-04-10 14:50:00,1225.0,1225.0,1220.0,1220.0,75700
2026-04-10 14:55:00,1220.0,1225.0,1220.0,1220.0,33400
2026-04-10 15:00:00,1220.0,1225.0,1220.0,1220.0,5200
2026-04-10 15:05:00,1225.0,1225.0,1220.0,1220.0,0
2026-04-10 15:10:00,1225.0,1225.0,1215.0,1215.0,343500
2026-04-10 15:15:00,1215.0,1220.0,1215.0,1215.0,19700
2026-04-10 15:20:00,1215.0,1215.0,1215.0,1215.0,62000
2026-04-10 15:25:00,1215.0,1220.0,1215.0,1215.0,38800
2026-04-10 15:30:00,1215.0,1220.0,1215.0,1215.0,87500
2026-04-10 15:35:00,1215.0,1220.0,1215.0,1220.0,131500
2026-04-10 15:40:00,1215.0,1220.0,1215.0,1215.0,204800
2026-04-10 15:45:00,1215.0,1220.0,1215.0,1215.0,215900
2026-04-10 16:00:00,1220.0,1220.0,1220.0,1220.0,1342900
2026-04-10 16:10:00,1220.0,1220.0,1220.0,1220.0,200
2026-04-13 09:00:00,1205.0,1210.0,1200.0,1200.0,0
2026-04-13 09:05:00,1200.0,1210.0,1200.0,1205.0,16800
2026-04-13 09:10:00,1210.0,1210.0,1205.0,1205.0,2700
2026-04-13 09:15:00,1210.0,1215.0,1205.0,1215.0,55800
2026-04-13 09:20:00,1215.0,1215.0,1210.0,1215.0,12700
2026-04-13 09:25:00,1215.0,1215.0,1215.0,1215.0,5200
2026-04-13 09:30:00,1215.0,1215.0,1215.0,1215.0,6800
2026-04-13 09:35:00,1215.0,1215.0,1215.0,1215.0,200
2026-04-13 09:40:00,1215.0,1215.0,1215.0,1215.0,1800
2026-04-13 09:45:00,1215.0,1215.0,1215.0,1215.0,700
2026-04-13 09:50:00,1215.0,1215.0,1215.0,1215.0,3700
2026-04-13 09:55:00,1215.0,1215.0,1215.0,1215.0,200
2026-04-13 10:00:00,1220.0,1220.0,1215.0,1220.0,900
2026-04-13 10:05:00,1215.0,1215.0,1215.0,1215.0,200
2026-04-13 10:10:00,1215.0,1215.0,1210.0,1210.0,18700
2026-04-13 10:15:00,1210.0,1215.0,1210.0,1210.0,4900
2026-04-13 10:20:00,1210.0,1210.0,1210.0,1210.0,56800
2026-04-13 10:25:00,1205.0,1205.0,1205.0,1205.0,19400
2026-04-13 10:30:00,1205.0,1210.0,1205.0,1205.0,20100
2026-04-13 10:35:00,1205.0,1205.0,1205.0,1205.0,20000
2026-04-13 10:40:00,1205.0,1210.0,1205.0,1205.0,4100
2026-04-13 10:45:00,1205.0,1210.0,1205.0,1205.0,28600
2026-04-13 10:50:00,1205.0,1210.0,1200.0,1205.0,230500
2026-04-13 10:55:00,1200.0,1205.0,1200.0,1205.0,73600
2026-04-13 11:00:00,1205.0,1205.0,1200.0,1200.0,53500
2026-04-13 11:05:00,1200.0,1205.0,1200.0,1200.0,30000
2026-04-13 11:10:00,1200.0,1205.0,1200.0,1200.0,34600
2026-04-13 11:15:00,1200.0,1205.0,1200.0,1200.0,5000
2026-04-13 11:20:00,1200.0,1205.0,1200.0,1200.0,33100
2026-04-13 11:25:00,1200.0,1205.0,1200.0,1205.0,282100
2026-04-13 11:30:00,1200.0,1205.0,1200.0,1200.0,30700
2026-04-13 11:35:00,1200.0,1205.0,1200.0,1200.0,31000
2026-04-13 11:40:00,1200.0,1205.0,1200.0,1200.0,7900
2026-04-13 11:45:00,1200.0,1205.0,1200.0,1205.0,18200
2026-04-13 11:50:00,1200.0,1205.0,1200.0,1200.0,70300
2026-04-13 11:55:00,1205.0,1205.0,1200.0,1200.0,24100
2026-04-13 13:30:00,1205.0,1205.0,1200.0,1200.0,178100
2026-04-13 13:35:00,1200.0,1200.0,1200.0,1200.0,38400
2026-04-13 13:40:00,1200.0,1205.0,1200.0,1200.0,45500
2026-04-13 13:45:00,1200.0,1205.0,1200.0,1200.0,33200
2026-04-13 13:50:00,1200.0,1205.0,1200.0,1200.0,7600
2026-04-13 13:55:00,1200.0,1205.0,1200.0,1200.0,84800
2026-04-13 14:00:00,1200.0,1205.0,1200.0,1200.0,62100
2026-04-13 14:05:00,1200.0,1205.0,1200.0,1200.0,32000
2026-04-13 14:10:00,1200.0,1205.0,1200.0,1200.0,399500
2026-04-13 14:15:00,1200.0,1205.0,1200.0,1200.0,172000
2026-04-13 14:20:00,1200.0,1205.0,1195.0,1195.0,405300
2026-04-13 14:25:00,1200.0,1205.0,1195.0,1200.0,588600
2026-04-13 14:30:00,1205.0,1210.0,1200.0,1210.0,491500
2026-04-13 14:35:00,1215.0,1215.0,1195.0,1200.0,1137600
2026-04-13 14:40:00,1205.0,1215.0,1175.0,1180.0,2942000
2026-04-13 14:45:00,1185.0,1205.0,1180.0,1190.0,1077200
2026-04-13 14:50:00,1190.0,1195.0,1190.0,1195.0,275400
2026-04-13 14:55:00,1190.0,1195.0,1190.0,1195.0,47900
2026-04-13 15:00:00,1190.0,1190.0,1185.0,1185.0,100300
2026-04-13 15:05:00,1190.0,1190.0,1185.0,1185.0,63400
2026-04-13 15:10:00,1190.0,1190.0,1180.0,1180.0,415500
2026-04-13 15:15:00,1180.0,1185.0,1180.0,1180.0,863300
2026-04-13 15:20:00,1185.0,1190.0,1180.0,1190.0,543100
2026-04-13 15:25:00,1190.0,1190.0,1185.0,1185.0,7100
2026-04-13 15:30:00,1185.0,1190.0,1185.0,1185.0,73900
2026-04-13 15:35:00,1185.0,1190.0,1185.0,1185.0,80400
2026-04-13 15:40:00,1185.0,1190.0,1185.0,1185.0,284100
2026-04-13 15:45:00,1185.0,1220.0,1180.0,1215.0,2834500
2026-04-13 16:00:00,1220.0,1220.0,1220.0,1220.0,2349500
2026-04-13 16:05:00,1220.0,1220.0,1220.0,1220.0,300
2026-04-14 09:00:00,1220.0,1220.0,1190.0,1205.0,0
2026-04-14 09:05:00,1205.0,1215.0,1200.0,1205.0,52000
2026-04-14 09:10:00,1205.0,1215.0,1205.0,1210.0,27400
2026-04-14 09:15:00,1210.0,1210.0,1205.0,1210.0,47700
2026-04-14 09:20:00,1205.0,1210.0,1200.0,1200.0,230700
2026-04-14 09:25:00,1200.0,1205.0,1200.0,1205.0,5800
2026-04-14 09:30:00,1205.0,1210.0,1205.0,1205.0,5200
2026-04-14 09:35:00,1205.0,1205.0,1200.0,1205.0,9500
2026-04-14 09:40:00,1205.0,1210.0,1200.0,1205.0,46900
2026-04-14 09:45:00,1210.0,1210.0,1205.0,1205.0,17600
2026-04-14 09:50:00,1205.0,1215.0,1205.0,1210.0,4800
2026-04-14 09:55:00,1205.0,1210.0,1205.0,1210.0,600
2026-04-14 10:00:00,1210.0,1210.0,1205.0,1205.0,1600
2026-04-14 10:05:00,1210.0,1210.0,1205.0,1205.0,200
2026-04-14 10:10:00,1210.0,1210.0,1205.0,1205.0,900
2026-04-14 10:15:00,1205.0,1210.0,1205.0,1205.0,10500
2026-04-14 10:20:00,1205.0,1210.0,1205.0,1210.0,53300
2026-04-14 10:25:00,1210.0,1210.0,1205.0,1205.0,700
2026-04-14 10:30:00,1210.0,1210.0,1205.0,1205.0,300
2026-04-14 10:35:00,1210.0,1210.0,1205.0,1205.0,86900
2026-04-14 10:40:00,1205.0,1210.0,1205.0,1205.0,0
2026-04-14 10:45:00,1205.0,1210.0,1205.0,1205.0,18200
2026-04-14 10:50:00,1210.0,1210.0,1205.0,1210.0,8000
2026-04-14 10:55:00,1205.0,1215.0,1205.0,1210.0,212200
2026-04-14 11:00:00,1205.0,1210.0,1205.0,1205.0,58900
2026-04-14 11:05:00,1210.0,1215.0,1205.0,1210.0,37600
2026-04-14 11:10:00,1215.0,1220.0,1210.0,1210.0,16700
2026-04-14 11:15:00,1210.0,1220.0,1210.0,1210.0,3500
2026-04-14 11:20:00,1210.0,1215.0,1210.0,1210.0,2100
2026-04-14 11:25:00,1215.0,1215.0,1210.0,1210.0,40900
2026-04-14 11:30:00,1210.0,1210.0,1210.0,1210.0,2800
2026-04-14 11:35:00,1210.0,1215.0,1210.0,1210.0,5800
2026-04-14 11:40:00,1210.0,1210.0,1210.0,1210.0,300
2026-04-14 11:45:00,1215.0,1215.0,1210.0,1210.0,40000
2026-04-14 11:50:00,1210.0,1215.0,1210.0,1210.0,5300
2026-04-14 11:55:00,1210.0,1210.0,1210.0,1210.0,33700
2026-04-14 13:30:00,1215.0,1215.0,1210.0,1210.0,40200
2026-04-14 13:35:00,1210.0,1210.0,1210.0,1210.0,106700
2026-04-14 13:40:00,1210.0,1210.0,1205.0,1210.0,36200
2026-04-14 13:45:00,1210.0,1210.0,1210.0,1210.0,6000
2026-04-14 13:50:00,1210.0,1210.0,1210.0,1210.0,65600
2026-04-14 13:55:00,1210.0,1210.0,1210.0,1210.0,5400
2026-04-14 14:00:00,1210.0,1215.0,1210.0,1210.0,10600
2026-04-14 14:05:00,1210.0,1210.0,1205.0,1205.0,39000
2026-04-14 14:10:00,1210.0,1210.0,1210.0,1210.0,93500
2026-04-14 14:15:00,1210.0,1215.0,1210.0,1210.0,42400
2026-04-14 14:20:00,1210.0,1215.0,1205.0,1205.0,170100
2026-04-14 14:25:00,1205.0,1210.0,1205.0,1205.0,10000
2026-04-14 14:30:00,1210.0,1210.0,1205.0,1205.0,24400
2026-04-14 14:35:00,1210.0,1215.0,1210.0,1215.0,20100
2026-04-14 14:40:00,1215.0,1220.0,1210.0,1210.0,58000
2026-04-14 14:45:00,1210.0,1210.0,1210.0,1210.0,1800
2026-04-14 14:50:00,1215.0,1215.0,1210.0,1215.0,600
2026-04-14 14:55:00,1215.0,1215.0,1205.0,1205.0,57400
2026-04-14 15:00:00,1210.0,1210.0,1205.0,1205.0,13800
2026-04-14 15:05:00,1210.0,1210.0,1205.0,1205.0,6200
2026-04-14 15:10:00,1205.0,1210.0,1205.0,1205.0,39600
2026-04-14 15:15:00,1210.0,1220.0,1205.0,1215.0,57200
2026-04-14 15:20:00,1215.0,1215.0,1205.0,1210.0,76900
2026-04-14 15:25:00,1210.0,1215.0,1210.0,1210.0,2800
2026-04-14 15:30:00,1210.0,1210.0,1210.0,1210.0,25100
2026-04-14 15:35:00,1205.0,1210.0,1205.0,1210.0,119900
2026-04-14 15:40:00,1210.0,1210.0,1205.0,1205.0,43800
2026-04-14 15:45:00,1210.0,1215.0,1205.0,1210.0,57500
2026-04-14 16:00:00,1200.0,1200.0,1200.0,1200.0,393600
2026-04-14 16:05:00,1200.0,1200.0,1200.0,1200.0,63400
2026-04-15 09:00:00,1205.0,1205.0,1200.0,1205.0,0
2026-04-15 09:05:00,1200.0,1200.0,1200.0,1200.0,9400
2026-04-15 09:10:00,1200.0,1210.0,1200.0,1205.0,28300
2026-04-15 09:15:00,1205.0,1205.0,1200.0,1205.0,35100
2026-04-15 09:20:00,1205.0,1205.0,1200.0,1200.0,35100
2026-04-15 09:25:00,1200.0,1210.0,1200.0,1205.0,3400
2026-04-15 09:30:00,1205.0,1205.0,1200.0,1200.0,14700
2026-04-15 09:35:00,1200.0,1205.0,1195.0,1195.0,172400
2026-04-15 09:40:00,1195.0,1200.0,1195.0,1195.0,9400
2026-04-15 09:45:00,1195.0,1200.0,1195.0,1195.0,65200
2026-04-15 09:50:00,1200.0,1200.0,1195.0,1200.0,0
2026-04-15 09:55:00,1195.0,1200.0,1195.0,1195.0,3400
2026-04-15 10:00:00,1195.0,1200.0,1195.0,1195.0,19300
2026-04-15 10:05:00,1195.0,1200.0,1195.0,1195.0,5100
2026-04-15 10:10:00,1195.0,1200.0,1195.0,1200.0,21400
2026-04-15 10:15:00,1195.0,1200.0,1195.0,1195.0,21300
2026-04-15 10:20:00,1200.0,1200.0,1195.0,1195.0,11000
2026-04-15 10:25:00,1195.0,1200.0,1195.0,1195.0,121000
2026-04-15 10:30:00,1195.0,1200.0,1195.0,1195.0,71100
2026-04-15 10:35:00,1195.0,1200.0,1195.0,1195.0,10400
2026-04-15 10:40:00,1195.0,1200.0,1195.0,1195.0,3100
2026-04-15 10:45:00,1200.0,1200.0,1195.0,1195.0,53000
2026-04-15 10:50:00,1195.0,1200.0,1195.0,1195.0,1200
2026-04-15 10:55:00,1200.0,1200.0,1190.0,1195.0,45100
2026-04-15 11:00:00,1195.0,1200.0,1195.0,1195.0,4300
2026-04-15 11:05:00,1195.0,1200.0,1195.0,1195.0,4600
2026-04-15 11:10:00,1195.0,1200.0,1195.0,1195.0,2300
2026-04-15 11:15:00,1200.0,1200.0,1195.0,1195.0,3700
2026-04-15 11:20:00,1200.0,1200.0,1195.0,1195.0,3200
2026-04-15 11:25:00,1200.0,1200.0,1195.0,1195.0,1300
2026-04-15 11:30:00,1200.0,1200.0,1195.0,1195.0,2700
2026-04-15 11:35:00,1200.0,1200.0,1195.0,1200.0,1500
2026-04-15 11:40:00,1200.0,1200.0,1195.0,1195.0,2500
2026-04-15 11:45:00,1200.0,1200.0,1195.0,1195.0,2800
2026-04-15 11:50:00,1195.0,1200.0,1195.0,1195.0,4200
2026-04-15 11:55:00,1195.0,1200.0,1195.0,1195.0,6600
2026-04-15 13:30:00,1200.0,1200.0,1195.0,1195.0,8500
2026-04-15 13:35:00,1200.0,1200.0,1195.0,1200.0,40300
2026-04-15 13:40:00,1205.0,1210.0,1200.0,1200.0,104400
2026-04-15 13:45:00,1205.0,1205.0,1200.0,1200.0,95800
2026-04-15 13:50:00,1200.0,1210.0,1200.0,1205.0,177900
2026-04-15 13:55:00,1210.0,1215.0,1200.0,1210.0,59000
2026-04-15 14:00:00,1210.0,1210.0,1200.0,1200.0,33100
2026-04-15 14:05:00,1205.0,1210.0,1205.0,1210.0,58900
2026-04-15 14:10:00,1210.0,1210.0,1205.0,1205.0,6400
2026-04-15 14:15:00,1205.0,1210.0,1205.0,1205.0,25100
2026-04-15 14:20:00,1205.0,1215.0,1200.0,1205.0,207200
2026-04-15 14:25:00,1205.0,1210.0,1205.0,1205.0,21700
2026-04-15 14:30:00,1205.0,1215.0,1205.0,1210.0,68300
2026-04-15 14:35:00,1210.0,1215.0,1210.0,1210.0,28700
2026-04-15 14:40:00,1210.0,1215.0,1210.0,1210.0,7500
2026-04-15 14:45:00,1210.0,1210.0,1205.0,1205.0,85200
2026-04-15 14:50:00,1205.0,1210.0,1205.0,1205.0,25800
2026-04-15 14:55:00,1205.0,1210.0,1205.0,1205.0,19800
2026-04-15 15:00:00,1205.0,1210.0,1205.0,1210.0,6300
2026-04-15 15:05:00,1210.0,1215.0,1205.0,1205.0,16900
2026-04-15 15:10:00,1205.0,1215.0,1205.0,1210.0,20700
2026-04-15 15:15:00,1210.0,1215.0,1205.0,1210.0,40400
2026-04-15 15:20:00,1205.0,1210.0,1205.0,1210.0,8500
2026-04-15 15:25:00,1215.0,1215.0,1205.0,1205.0,44600
2026-04-15 15:30:00,1205.0,1210.0,1205.0,1205.0,27700
2026-04-15 15:35:00,1205.0,1210.0,1205.0,1205.0,29300
2026-04-15 15:40:00,1205.0,1210.0,1205.0,1205.0,15300
2026-04-15 15:45:00,1205.0,1210.0,1200.0,1200.0,60200
2026-04-15 16:00:00,1205.0,1205.0,1205.0,1205.0,197800
2026-04-15 16:05:00,1205.0,1205.0,1205.0,1205.0,9500
2026-04-16 09:00:00,1200.0,1205.0,1190.0,1190.0,0
2026-04-16 09:05:00,1190.0,1200.0,1190.0,1195.0,98400
2026-04-16 09:10:00,1195.0,1195.0,1190.0,1190.0,67400
2026-04-16 09:15:00,1190.0,1200.0,1185.0,1190.0,226400
2026-04-16 09:20:00,1200.0,1200.0,1190.0,1200.0,57400
2026-04-16 09:25:00,1200.0,1205.0,1200.0,1200.0,18000
2026-04-16 09:30:00,1200.0,1200.0,1195.0,1195.0,59400
2026-04-16 09:35:00,1195.0,1200.0,1195.0,1195.0,2100
2026-04-16 09:40:00,1195.0,1200.0,1195.0,1195.0,3700
2026-04-16 09:45:00,1195.0,1195.0,1190.0,1190.0,133400
2026-04-16 09:50:00,1190.0,1205.0,1190.0,1200.0,112200
2026-04-16 09:55:00,1200.0,1200.0,1190.0,1195.0,12300
2026-04-16 10:00:00,1195.0,1200.0,1195.0,1195.0,800
2026-04-16 10:05:00,1195.0,1200.0,1190.0,1195.0,23200
2026-04-16 10:10:00,1190.0,1195.0,1190.0,1195.0,3600
2026-04-16 10:15:00,1200.0,1200.0,1195.0,1195.0,1500
2026-04-16 10:20:00,1195.0,1200.0,1195.0,1195.0,2200
2026-04-16 10:25:00,1200.0,1200.0,1195.0,1195.0,3500
2026-04-16 10:30:00,1195.0,1200.0,1195.0,1195.0,400
2026-04-16 10:35:00,1200.0,1200.0,1195.0,1195.0,200
2026-04-16 10:40:00,1195.0,1195.0,1190.0,1190.0,19200
2026-04-16 10:45:00,1190.0,1195.0,1190.0,1190.0,30400
2026-04-16 10:50:00,1190.0,1195.0,1190.0,1190.0,11500
2026-04-16 10:55:00,1190.0,1195.0,1190.0,1190.0,18900
2026-04-16 11:00:00,1190.0,1195.0,1190.0,1190.0,3600
2026-04-16 11:05:00,1190.0,1190.0,1185.0,1185.0,291000
2026-04-16 11:10:00,1185.0,1190.0,1185.0,1185.0,185200
2026-04-16 11:15:00,1185.0,1190.0,1185.0,1190.0,10400
2026-04-16 11:20:00,1185.0,1190.0,1185.0,1185.0,1400
2026-04-16 11:25:00,1185.0,1190.0,1185.0,1185.0,900
2026-04-16 11:30:00,1185.0,1190.0,1185.0,1185.0,1100
2026-04-16 11:35:00,1185.0,1190.0,1185.0,1185.0,14900
2026-04-16 11:40:00,1185.0,1185.0,1185.0,1185.0,1300
2026-04-16 11:45:00,1185.0,1190.0,1185.0,1185.0,2100
2026-04-16 11:50:00,1185.0,1190.0,1185.0,1185.0,3400
2026-04-16 11:55:00,1185.0,1190.0,1185.0,1185.0,12200
2026-04-16 13:30:00,1185.0,1195.0,1185.0,1185.0,17800
2026-04-16 13:35:00,1195.0,1195.0,1190.0,1190.0,900
2026-04-16 13:40:00,1195.0,1195.0,1190.0,1190.0,4600
2026-04-16 13:45:00,1190.0,1195.0,1190.0,1195.0,400
2026-04-16 13:50:00,1195.0,1200.0,1190.0,1200.0,29100
2026-04-16 13:55:00,1195.0,1200.0,1190.0,1200.0,29800
2026-04-16 14:00:00,1200.0,1200.0,1190.0,1195.0,18100
2026-04-16 14:05:00,1200.0,1200.0,1190.0,1190.0,14800
2026-04-16 14:10:00,1190.0,1200.0,1190.0,1195.0,21800
2026-04-16 14:15:00,1200.0,1200.0,1190.0,1195.0,20000
2026-04-16 14:20:00,1195.0,1200.0,1190.0,1195.0,16300
2026-04-16 14:25:00,1195.0,1200.0,1190.0,1195.0,18900
2026-04-16 14:30:00,1190.0,1195.0,1190.0,1190.0,800
2026-04-16 14:35:00,1195.0,1195.0,1195.0,1195.0,200
2026-04-16 14:40:00,1190.0,1195.0,1190.0,1195.0,200
2026-04-16 14:45:00,1195.0,1195.0,1190.0,1190.0,3300
2026-04-16 14:50:00,1195.0,1195.0,1185.0,1185.0,246300
2026-04-16 14:55:00,1185.0,1190.0,1185.0,1185.0,38100
2026-04-16 15:00:00,1185.0,1190.0,1180.0,1180.0,377500
2026-04-16 15:05:00,1185.0,1190.0,1180.0,1190.0,360200
2026-04-16 15:10:00,1185.0,1190.0,1185.0,1185.0,9500
2026-04-16 15:15:00,1185.0,1190.0,1180.0,1185.0,181000
2026-04-16 15:20:00,1185.0,1190.0,1185.0,1185.0,34700
2026-04-16 15:25:00,1185.0,1190.0,1185.0,1185.0,8000
2026-04-16 15:30:00,1185.0,1190.0,1185.0,1185.0,8300
2026-04-16 15:35:00,1190.0,1190.0,1185.0,1185.0,5500
2026-04-16 15:40:00,1185.0,1195.0,1185.0,1190.0,33600
2026-04-16 15:45:00,1190.0,1195.0,1185.0,1190.0,81700
2026-04-16 16:00:00,1200.0,1200.0,1200.0,1200.0,750800
2026-04-17 09:00:00,1200.0,1200.0,1185.0,1200.0,0
2026-04-17 09:05:00,1195.0,1200.0,1195.0,1195.0,84400
2026-04-17 09:10:00,1200.0,1200.0,1185.0,1190.0,161000
2026-04-17 09:15:00,1200.0,1200.0,1190.0,1190.0,160200
2026-04-17 09:20:00,1190.0,1200.0,1190.0,1195.0,53000
2026-04-17 09:25:00,1195.0,1200.0,1195.0,1195.0,14700
2026-04-17 09:30:00,1195.0,1200.0,1195.0,1195.0,1800
2026-04-17 09:35:00,1195.0,1200.0,1195.0,1200.0,52300
2026-04-17 09:40:00,1205.0,1205.0,1195.0,1195.0,6700
2026-04-17 09:45:00,1200.0,1200.0,1195.0,1195.0,41300
2026-04-17 09:50:00,1200.0,1200.0,1195.0,1195.0,7300
2026-04-17 10:00:00,1200.0,1200.0,1195.0,1195.0,2600
2026-04-17 10:05:00,1195.0,1195.0,1190.0,1190.0,183000
2026-04-17 10:10:00,1195.0,1195.0,1190.0,1195.0,45100
2026-04-17 10:15:00,1195.0,1195.0,1195.0,1195.0,200
2026-04-17 10:20:00,1195.0,1195.0,1195.0,1195.0,4600
2026-04-17 10:25:00,1200.0,1200.0,1195.0,1195.0,1300
2026-04-17 10:30:00,1195.0,1200.0,1195.0,1195.0,3400
2026-04-17 10:35:00,1195.0,1195.0,1195.0,1195.0,1400
2026-04-17 10:40:00,1200.0,1200.0,1195.0,1195.0,46400
2026-04-17 10:45:00,1200.0,1200.0,1195.0,1195.0,35000
2026-04-17 10:50:00,1195.0,1195.0,1195.0,1195.0,9300
2026-04-17 10:55:00,1200.0,1200.0,1195.0,1195.0,700
2026-04-17 11:00:00,1200.0,1200.0,1190.0,1190.0,262200
2026-04-17 11:05:00,1195.0,1195.0,1190.0,1190.0,0
2026-04-17 11:10:00,1190.0,1190.0,1190.0,1190.0,2000
2026-04-17 11:15:00,1190.0,1190.0,1190.0,1190.0,8700
2026-04-17 11:20:00,1190.0,1190.0,1190.0,1190.0,3900
2026-04-17 11:25:00,1195.0,1195.0,1190.0,1190.0,28100
2026-04-17 14:00:00,1195.0,1195.0,1190.0,1190.0,23300
2026-04-17 14:05:00,1190.0,1190.0,1190.0,1190.0,5100
2026-04-17 14:10:00,1190.0,1195.0,1190.0,1190.0,2900
2026-04-17 14:15:00,1190.0,1195.0,1190.0,1190.0,19200
2026-04-17 14:20:00,1195.0,1195.0,1190.0,1190.0,53200
2026-04-17 14:25:00,1190.0,1200.0,1190.0,1200.0,89900
2026-04-17 14:30:00,1195.0,1195.0,1195.0,1195.0,700
2026-04-17 14:35:00,1200.0,1205.0,1190.0,1200.0,174200
2026-04-17 14:45:00,1195.0,1195.0,1180.0,1185.0,1234000
2026-04-17 14:50:00,1185.0,1190.0,1185.0,1190.0,600
2026-04-17 14:55:00,1195.0,1195.0,1185.0,1185.0,45400
2026-04-17 15:00:00,1195.0,1195.0,1185.0,1185.0,50400
2026-04-17 15:05:00,1195.0,1195.0,1185.0,1185.0,361300
2026-04-17 15:10:00,1195.0,1195.0,1190.0,1190.0,0
2026-04-17 15:15:00,1190.0,1195.0,1185.0,1185.0,705500
2026-04-17 15:20:00,1195.0,1195.0,1185.0,1190.0,1500
2026-04-17 15:30:00,1195.0,1195.0,1190.0,1190.0,10200
2026-04-17 15:35:00,1195.0,1195.0,1190.0,1195.0,2900
2026-04-17 15:40:00,1195.0,1195.0,1190.0,1190.0,2400
2026-04-17 15:45:00,1195.0,1195.0,1185.0,1185.0,82700
2026-04-17 16:00:00,1200.0,1200.0,1200.0,1200.0,831800
2026-04-20 09:00:00,1200.0,1200.0,1195.0,1195.0,0
2026-04-20 09:05:00,1195.0,1200.0,1190.0,1190.0,57000
2026-04-20 09:10:00,1190.0,1195.0,1190.0,1190.0,4400
2026-04-20 09:15:00,1190.0,1195.0,1190.0,1190.0,1200
2026-04-20 09:20:00,1190.0,1190.0,1185.0,1185.0,124600
2026-04-20 09:25:00,1185.0,1190.0,1185.0,1185.0,23700
2026-04-20 09:30:00,1190.0,1190.0,1185.0,1185.0,11500
2026-04-20 09:35:00,1190.0,1190.0,1185.0,1185.0,14300
2026-04-20 09:40:00,1190.0,1190.0,1185.0,1185.0,2500
2026-04-20 09:45:00,1190.0,1190.0,1185.0,1185.0,21900
2026-04-20 09:50:00,1185.0,1190.0,1185.0,1185.0,19700
2026-04-20 09:55:00,1185.0,1190.0,1185.0,1185.0,20000
2026-04-20 10:00:00,1185.0,1190.0,1185.0,1185.0,800
2026-04-20 10:05:00,1185.0,1190.0,1185.0,1185.0,18500
2026-04-20 10:10:00,1185.0,1190.0,1185.0,1185.0,2300
2026-04-20 10:15:00,1185.0,1185.0,1185.0,1185.0,600
2026-04-20 10:20:00,1185.0,1185.0,1185.0,1185.0,45400
2026-04-20 10:25:00,1185.0,1190.0,1185.0,1185.0,5800
2026-04-20 10:30:00,1185.0,1185.0,1185.0,1185.0,1500
2026-04-20 10:35:00,1185.0,1190.0,1185.0,1185.0,200
2026-04-20 10:40:00,1185.0,1190.0,1185.0,1185.0,53300
2026-04-20 10:45:00,1185.0,1185.0,1185.0,1185.0,2600
2026-04-20 10:50:00,1185.0,1185.0,1185.0,1185.0,200
2026-04-20 10:55:00,1190.0,1190.0,1185.0,1185.0,2700
2026-04-20 11:00:00,1190.0,1195.0,1190.0,1190.0,312200
2026-04-20 11:05:00,1195.0,1200.0,1190.0,1190.0,38200
2026-04-20 11:10:00,1190.0,1200.0,1190.0,1200.0,1700
2026-04-20 11:15:00,1195.0,1200.0,1190.0,1200.0,4500
2026-04-20 11:20:00,1190.0,1190.0,1190.0,1190.0,1500
2026-04-20 11:25:00,1190.0,1195.0,1190.0,1190.0,3800
2026-04-20 16:00:00,1200.0,1200.0,1200.0,1200.0,4767100
2026-04-21 09:00:00,1195.0,1195.0,1190.0,1190.0,0
2026-04-21 09:05:00,1195.0,1195.0,1190.0,1190.0,5700
2026-04-21 09:10:00,1195.0,1195.0,1190.0,1190.0,4900
2026-04-21 09:15:00,1190.0,1195.0,1190.0,1195.0,800
2026-04-21 09:20:00,1195.0,1200.0,1190.0,1190.0,4800
2026-04-21 09:25:00,1195.0,1200.0,1195.0,1200.0,200
2026-04-21 09:30:00,1200.0,1200.0,1190.0,1190.0,7600
2026-04-21 09:35:00,1190.0,1200.0,1190.0,1190.0,107100
2026-04-21 09:40:00,1190.0,1200.0,1190.0,1200.0,200
2026-04-21 09:45:00,1195.0,1195.0,1190.0,1190.0,700
2026-04-21 09:50:00,1195.0,1195.0,1195.0,1195.0,0
2026-04-21 09:55:00,1195.0,1195.0,1190.0,1195.0,24300
2026-04-21 10:00:00,1190.0,1195.0,1190.0,1190.0,4800
2026-04-21 10:05:00,1195.0,1195.0,1190.0,1190.0,60300
2026-04-21 10:10:00,1195.0,1195.0,1190.0,1190.0,50700
2026-04-21 10:15:00,1190.0,1195.0,1190.0,1190.0,5800
2026-04-21 10:20:00,1195.0,1195.0,1190.0,1195.0,16900
2026-04-21 10:25:00,1190.0,1195.0,1190.0,1190.0,4800
2026-04-21 10:30:00,1190.0,1195.0,1190.0,1190.0,10800
2026-04-21 10:35:00,1195.0,1195.0,1190.0,1190.0,11800
2026-04-21 10:40:00,1195.0,1195.0,1190.0,1195.0,3200
2026-04-21 10:45:00,1195.0,1195.0,1190.0,1190.0,5500
2026-04-21 10:50:00,1195.0,1195.0,1190.0,1190.0,4300
2026-04-21 10:55:00,1195.0,1195.0,1190.0,1190.0,80800
2026-04-21 11:00:00,1195.0,1195.0,1190.0,1190.0,58300
2026-04-21 11:05:00,1190.0,1195.0,1190.0,1195.0,13000
2026-04-21 11:10:00,1195.0,1195.0,1190.0,1195.0,15600
2026-04-21 11:15:00,1195.0,1195.0,1190.0,1190.0,16200
2026-04-21 11:20:00,1195.0,1195.0,1190.0,1195.0,15500
2026-04-21 11:25:00,1195.0,1195.0,1190.0,1190.0,11300
2026-04-21 11:30:00,1190.0,1200.0,1190.0,1195.0,46500
2026-04-21 11:35:00,1200.0,1200.0,1185.0,1195.0,148000
2026-04-21 11:40:00,1195.0,1195.0,1185.0,1185.0,0
2026-04-21 11:45:00,1195.0,1195.0,1190.0,1190.0,2200
2026-04-21 11:50:00,1195.0,1195.0,1190.0,1190.0,8600
2026-04-21 11:55:00,1195.0,1195.0,1190.0,1190.0,200
2026-04-21 13:30:00,1190.0,1195.0,1190.0,1195.0,16300
2026-04-21 13:35:00,1195.0,1195.0,1195.0,1195.0,4800
2026-04-21 13:40:00,1195.0,1195.0,1195.0,1195.0,9700
2026-04-21 13:45:00,1195.0,1195.0,1190.0,1190.0,7300
2026-04-21 13:50:00,1195.0,1195.0,1195.0,1195.0,9600
2026-04-21 13:55:00,1195.0,1195.0,1190.0,1195.0,9800
2026-04-21 14:00:00,1195.0,1195.0,1195.0,1195.0,12700
2026-04-21 14:05:00,1195.0,1195.0,1195.0,1195.0,17000
2026-04-21 14:10:00,1195.0,1195.0,1190.0,1195.0,26100
2026-04-21 14:15:00,1195.0,1195.0,1190.0,1195.0,9300
2026-04-21 14:20:00,1195.0,1195.0,1190.0,1195.0,9700
2026-04-21 14:25:00,1195.0,1195.0,1190.0,1190.0,15400
2026-04-21 14:30:00,1195.0,1195.0,1195.0,1195.0,12500
2026-04-21 14:35:00,1195.0,1195.0,1190.0,1195.0,12000
2026-04-21 14:40:00,1195.0,1200.0,1195.0,1195.0,208700
2026-04-21 14:45:00,1200.0,1200.0,1195.0,1195.0,22000
2026-04-21 14:50:00,1195.0,1200.0,1195.0,1200.0,20200
2026-04-21 14:55:00,1200.0,1200.0,1200.0,1200.0,19800
2026-04-21 15:00:00,1200.0,1200.0,1200.0,1200.0,70700
2026-04-21 15:05:00,1200.0,1200.0,1190.0,1190.0,872300
2026-04-21 15:10:00,1190.0,1195.0,1190.0,1190.0,62900
2026-04-21 15:15:00,1195.0,1195.0,1190.0,1190.0,28400
2026-04-21 15:20:00,1195.0,1195.0,1195.0,1195.0,31500
2026-04-21 15:25:00,1195.0,1195.0,1190.0,1195.0,18300
2026-04-21 15:30:00,1195.0,1195.0,1195.0,1195.0,26300
2026-04-21 15:35:00,1195.0,1195.0,1190.0,1195.0,147200
2026-04-21 15:40:00,1195.0,1195.0,1190.0,1195.0,50000
2026-04-21 15:45:00,1195.0,1200.0,1195.0,1195.0,328100
2026-04-21 16:00:00,1195.0,1195.0,1195.0,1195.0,299600
2026-04-21 16:05:00,1195.0,1195.0,1195.0,1195.0,400
2026-04-21 16:10:00,1195.0,1195.0,1195.0,1195.0,80000
2026-04-22 09:00:00,1195.0,1195.0,1185.0,1185.0,0
2026-04-22 09:05:00,1185.0,1190.0,1185.0,1190.0,93900
2026-04-22 09:10:00,1185.0,1190.0,1180.0,1185.0,148000
2026-04-22 09:15:00,1185.0,1190.0,1185.0,1185.0,1800
2026-04-22 09:20:00,1185.0,1190.0,1180.0,1185.0,51500
2026-04-22 09:25:00,1185.0,1190.0,1180.0,1185.0,147700
2026-04-22 09:30:00,1185.0,1190.0,1185.0,1185.0,154700
2026-04-22 09:35:00,1185.0,1190.0,1185.0,1185.0,268300
2026-04-22 09:40:00,1185.0,1190.0,1180.0,1185.0,200000
2026-04-22 09:45:00,1185.0,1190.0,1180.0,1180.0,97600
2026-04-22 09:50:00,1185.0,1185.0,1180.0,1180.0,109200
2026-04-22 09:55:00,1180.0,1185.0,1175.0,1180.0,459500
2026-04-22 10:00:00,1180.0,1180.0,1175.0,1180.0,39800
2026-04-22 10:05:00,1180.0,1180.0,1180.0,1180.0,0
2026-04-22 10:10:00,1180.0,1180.0,1175.0,1180.0,1300
2026-04-22 10:15:00,1180.0,1180.0,1180.0,1180.0,54800
2026-04-22 10:20:00,1180.0,1180.0,1180.0,1180.0,8100
2026-04-22 10:25:00,1180.0,1180.0,1175.0,1175.0,10000
2026-04-22 10:30:00,1180.0,1180.0,1180.0,1180.0,5500
2026-04-22 10:35:00,1180.0,1180.0,1180.0,1180.0,2400
2026-04-22 10:40:00,1175.0,1180.0,1175.0,1175.0,3200
2026-04-22 10:45:00,1180.0,1180.0,1175.0,1175.0,412800
2026-04-22 10:50:00,1175.0,1185.0,1175.0,1185.0,592800
2026-04-22 10:55:00,1180.0,1185.0,1180.0,1180.0,105700
2026-04-22 11:00:00,1180.0,1180.0,1180.0,1180.0,12400
2026-04-22 11:05:00,1180.0,1180.0,1180.0,1180.0,700
2026-04-22 11:10:00,1180.0,1180.0,1175.0,1175.0,49700
2026-04-22 11:15:00,1175.0,1180.0,1175.0,1175.0,28300
2026-04-22 11:20:00,1175.0,1180.0,1175.0,1175.0,72200
2026-04-22 11:25:00,1175.0,1175.0,1175.0,1175.0,46500
2026-04-22 11:30:00,1175.0,1180.0,1175.0,1175.0,83400
2026-04-22 11:35:00,1180.0,1180.0,1175.0,1175.0,75400
2026-04-22 11:40:00,1175.0,1175.0,1170.0,1170.0,80600
2026-04-22 11:45:00,1175.0,1175.0,1170.0,1170.0,49100
2026-04-22 11:50:00,1170.0,1175.0,1170.0,1170.0,108900
2026-04-22 11:55:00,1170.0,1175.0,1170.0,1170.0,139100
2026-04-22 13:30:00,1170.0,1175.0,1170.0,1170.0,5900
2026-04-22 13:35:00,1170.0,1175.0,1170.0,1170.0,11600
2026-04-22 13:40:00,1170.0,1175.0,1170.0,1170.0,65500
2026-04-22 13:45:00,1170.0,1170.0,1170.0,1170.0,58400
2026-04-22 13:50:00,1170.0,1175.0,1170.0,1170.0,150100
2026-04-22 13:55:00,1170.0,1175.0,1170.0,1175.0,81900
2026-04-22 14:00:00,1170.0,1175.0,1170.0,1170.0,109200
2026-04-22 14:05:00,1175.0,1175.0,1165.0,1170.0,384100
2026-04-22 14:10:00,1170.0,1170.0,1165.0,1170.0,56600
2026-04-22 14:15:00,1170.0,1170.0,1170.0,1170.0,13200
2026-04-22 14:20:00,1170.0,1175.0,1170.0,1170.0,12200
2026-04-22 14:25:00,1170.0,1175.0,1170.0,1170.0,76500
2026-04-22 14:30:00,1170.0,1175.0,1170.0,1170.0,96600
2026-04-22 14:35:00,1170.0,1175.0,1170.0,1170.0,90800
2026-04-22 14:40:00,1170.0,1170.0,1170.0,1170.0,74400
2026-04-22 14:45:00,1170.0,1190.0,1170.0,1185.0,1016600
2026-04-22 14:50:00,1190.0,1200.0,1185.0,1195.0,1609600
2026-04-22 14:55:00,1195.0,1200.0,1195.0,1195.0,335400
2026-04-22 15:00:00,1195.0,1195.0,1195.0,1195.0,72300
2026-04-22 15:05:00,1195.0,1205.0,1195.0,1200.0,1539000
2026-04-22 15:10:00,1205.0,1210.0,1205.0,1205.0,710300
2026-04-22 15:15:00,1205.0,1205.0,1205.0,1205.0,0
2026-04-22 15:20:00,1205.0,1210.0,1205.0,1210.0,320500
2026-04-22 15:25:00,1210.0,1215.0,1210.0,1215.0,283200
2026-04-22 15:30:00,1215.0,1215.0,1210.0,1215.0,499000
2026-04-22 15:35:00,1215.0,1220.0,1210.0,1220.0,1445900
2026-04-22 15:40:00,1220.0,1245.0,1220.0,1245.0,2070500
2026-04-22 15:45:00,1245.0,1250.0,1225.0,1230.0,5330400
2026-04-22 16:00:00,1225.0,1225.0,1225.0,1225.0,2571100
2026-04-22 16:05:00,1225.0,1225.0,1225.0,1225.0,0
2026-04-22 16:10:00,1225.0,1225.0,1225.0,1225.0,100
2026-04-23 09:00:00,1230.0,1230.0,1200.0,1210.0,0
2026-04-23 09:05:00,1210.0,1220.0,1210.0,1220.0,44000
2026-04-23 09:10:00,1220.0,1220.0,1215.0,1220.0,43100
2026-04-23 09:15:00,1220.0,1225.0,1215.0,1220.0,399400
2026-04-23 09:20:00,1215.0,1225.0,1215.0,1220.0,95200
2026-04-23 09:25:00,1225.0,1230.0,1225.0,1225.0,193800
2026-04-23 09:30:00,1225.0,1225.0,1220.0,1220.0,28800
2026-04-23 09:35:00,1220.0,1225.0,1220.0,1225.0,51800
2026-04-23 09:40:00,1220.0,1225.0,1220.0,1225.0,17700
2026-04-23 09:45:00,1220.0,1225.0,1220.0,1220.0,75000
2026-04-23 09:50:00,1220.0,1220.0,1215.0,1215.0,23500
2026-04-23 09:55:00,1215.0,1220.0,1210.0,1210.0,25100
2026-04-23 10:00:00,1210.0,1215.0,1205.0,1205.0,97400
2026-04-23 10:05:00,1205.0,1210.0,1205.0,1205.0,8900
2026-04-23 10:10:00,1210.0,1210.0,1205.0,1205.0,60100
2026-04-23 10:15:00,1205.0,1210.0,1200.0,1200.0,177900
2026-04-23 10:20:00,1205.0,1205.0,1200.0,1205.0,9300
2026-04-23 10:25:00,1200.0,1205.0,1200.0,1205.0,27900
2026-04-23 10:30:00,1200.0,1205.0,1200.0,1200.0,78700
2026-04-23 10:35:00,1200.0,1205.0,1200.0,1200.0,36700
2026-04-23 10:40:00,1200.0,1205.0,1200.0,1200.0,125200
2026-04-23 10:45:00,1200.0,1205.0,1200.0,1200.0,24600
2026-04-23 10:50:00,1200.0,1210.0,1200.0,1205.0,170500
2026-04-23 10:55:00,1200.0,1205.0,1200.0,1200.0,44300
2026-04-23 11:00:00,1205.0,1205.0,1200.0,1200.0,1400
2026-04-23 11:05:00,1200.0,1210.0,1200.0,1205.0,178800
2026-04-23 11:10:00,1205.0,1210.0,1200.0,1205.0,224800
2026-04-23 11:15:00,1200.0,1205.0,1200.0,1200.0,62300
2026-04-23 11:20:00,1200.0,1205.0,1200.0,1205.0,81200
2026-04-23 11:25:00,1205.0,1210.0,1205.0,1205.0,154300
2026-04-23 11:30:00,1205.0,1205.0,1200.0,1205.0,126500
2026-04-23 11:35:00,1205.0,1210.0,1200.0,1200.0,27900
2026-04-23 11:40:00,1205.0,1205.0,1200.0,1205.0,41300
2026-04-23 11:45:00,1205.0,1205.0,1200.0,1205.0,24800
2026-04-23 11:50:00,1200.0,1210.0,1200.0,1210.0,27000
2026-04-23 11:55:00,1205.0,1205.0,1200.0,1200.0,24600
2026-04-23 13:30:00,1205.0,1210.0,1200.0,1205.0,85300
2026-04-23 13:35:00,1200.0,1205.0,1200.0,1205.0,31600
2026-04-23 13:40:00,1205.0,1205.0,1200.0,1200.0,24300
2026-04-23 13:45:00,1200.0,1205.0,1200.0,1200.0,6700
2026-04-23 13:50:00,1200.0,1205.0,1200.0,1205.0,104200
2026-04-23 13:55:00,1200.0,1210.0,1200.0,1200.0,50700
2026-04-23 14:00:00,1200.0,1205.0,1200.0,1200.0,29100
2026-04-23 14:05:00,1200.0,1205.0,1200.0,1200.0,1300
2026-04-23 14:10:00,1200.0,1205.0,1200.0,1200.0,25100
2026-04-23 14:15:00,1200.0,1205.0,1200.0,1205.0,95900
2026-04-23 14:20:00,1200.0,1205.0,1200.0,1205.0,59600
2026-04-23 14:25:00,1200.0,1205.0,1200.0,1205.0,3300
2026-04-23 14:30:00,1200.0,1200.0,1195.0,1195.0,160400
2026-04-23 14:35:00,1195.0,1200.0,1195.0,1195.0,67600
2026-04-23 14:40:00,1195.0,1195.0,1195.0,1195.0,17300
2026-04-23 14:45:00,1200.0,1200.0,1195.0,1195.0,31000
2026-04-23 14:50:00,1195.0,1200.0,1190.0,1190.0,222800
2026-04-23 14:55:00,1190.0,1195.0,1190.0,1190.0,11000
2026-04-23 15:00:00,1190.0,1195.0,1190.0,1190.0,31000
2026-04-23 15:05:00,1190.0,1195.0,1190.0,1190.0,51600
2026-04-23 15:10:00,1195.0,1195.0,1190.0,1190.0,121700
2026-04-23 15:15:00,1185.0,1200.0,1185.0,1190.0,362700
2026-04-23 15:20:00,1190.0,1195.0,1190.0,1190.0,50800
2026-04-23 15:25:00,1190.0,1190.0,1185.0,1185.0,79600
2026-04-23 15:30:00,1185.0,1190.0,1185.0,1185.0,34700
2026-04-23 15:35:00,1185.0,1190.0,1185.0,1185.0,48700
2026-04-23 15:40:00,1185.0,1200.0,1185.0,1190.0,213300
2026-04-23 15:45:00,1190.0,1195.0,1185.0,1185.0,173900
2026-04-23 16:00:00,1185.0,1185.0,1185.0,1185.0,608100
2026-04-23 16:05:00,1185.0,1185.0,1185.0,1185.0,1000
2026-04-23 16:10:00,1185.0,1185.0,1185.0,1185.0,192500
2026-04-24 09:00:00,1180.0,1185.0,1175.0,1175.0,0
2026-04-24 09:05:00,1180.0,1180.0,1165.0,1165.0,369200
2026-04-24 09:10:00,1175.0,1185.0,1165.0,1175.0,133300
2026-04-24 09:15:00,1175.0,1185.0,1170.0,1170.0,12400
2026-04-24 09:20:00,1170.0,1175.0,1170.0,1170.0,11500
2026-04-24 09:25:00,1175.0,1175.0,1165.0,1165.0,56100
2026-04-24 09:30:00,1175.0,1175.0,1165.0,1165.0,10900
2026-04-24 09:35:00,1170.0,1170.0,1165.0,1165.0,900
2026-04-24 09:40:00,1170.0,1170.0,1165.0,1165.0,7700
2026-04-24 09:45:00,1170.0,1170.0,1160.0,1160.0,135900
2026-04-24 09:50:00,1170.0,1170.0,1160.0,1165.0,2700
2026-04-24 09:55:00,1165.0,1165.0,1160.0,1160.0,75200
2026-04-24 10:00:00,1165.0,1165.0,1160.0,1160.0,87600
2026-04-24 10:05:00,1165.0,1165.0,1160.0,1160.0,4200
2026-04-24 10:10:00,1165.0,1165.0,1160.0,1160.0,4300
2026-04-24 10:15:00,1160.0,1165.0,1160.0,1160.0,26000
2026-04-24 10:20:00,1165.0,1165.0,1160.0,1160.0,134700
2026-04-24 10:25:00,1160.0,1165.0,1155.0,1155.0,236700
2026-04-24 10:30:00,1155.0,1155.0,1150.0,1150.0,147700
2026-04-24 10:35:00,1150.0,1150.0,1150.0,1150.0,3500
2026-04-24 10:40:00,1150.0,1155.0,1150.0,1155.0,22900
2026-04-24 10:45:00,1150.0,1150.0,1145.0,1150.0,180100
2026-04-24 10:50:00,1145.0,1155.0,1145.0,1155.0,9400
2026-04-24 10:55:00,1155.0,1155.0,1150.0,1150.0,22700
2026-04-24 11:00:00,1155.0,1165.0,1150.0,1150.0,58000
2026-04-24 11:05:00,1150.0,1150.0,1150.0,1150.0,2900
2026-04-24 11:10:00,1150.0,1155.0,1150.0,1150.0,23800
2026-04-24 11:15:00,1150.0,1150.0,1150.0,1150.0,0
2026-04-24 11:20:00,1150.0,1150.0,1150.0,1150.0,3200
2026-04-24 11:25:00,1150.0,1155.0,1150.0,1150.0,71800
2026-04-24 14:00:00,1150.0,1155.0,1145.0,1150.0,138900
2026-04-24 14:05:00,1150.0,1155.0,1150.0,1150.0,37000
2026-04-24 14:10:00,1150.0,1155.0,1145.0,1145.0,40500
2026-04-24 14:15:00,1150.0,1150.0,1145.0,1145.0,8300
2026-04-24 14:20:00,1145.0,1150.0,1145.0,1145.0,173800
2026-04-24 14:25:00,1150.0,1155.0,1145.0,1150.0,89400
2026-04-24 14:30:00,1150.0,1155.0,1150.0,1150.0,6100
2026-04-24 14:35:00,1150.0,1155.0,1145.0,1145.0,223500
2026-04-24 14:40:00,1150.0,1150.0,1145.0,1145.0,91200
2026-04-24 14:45:00,1145.0,1145.0,1145.0,1145.0,14200
2026-04-24 14:50:00,1145.0,1150.0,1145.0,1145.0,36900
2026-04-24 14:55:00,1145.0,1150.0,1145.0,1145.0,32800
2026-04-24 15:00:00,1145.0,1150.0,1145.0,1145.0,7400
2026-04-24 15:05:00,1145.0,1150.0,1145.0,1145.0,16900
2026-04-24 15:10:00,1150.0,1150.0,1145.0,1145.0,21900
2026-04-24 15:15:00,1150.0,1165.0,1145.0,1165.0,323200
2026-04-24 15:20:00,1165.0,1175.0,1155.0,1165.0,311700
2026-04-24 15:25:00,1165.0,1165.0,1160.0,1160.0,28000
2026-04-24 15:30:00,1160.0,1170.0,1160.0,1165.0,38900
2026-04-24 15:35:00,1170.0,1200.0,1170.0,1190.0,1903700
2026-04-24 15:40:00,1195.0,1200.0,1180.0,1180.0,1157300
2026-04-24 15:45:00,1185.0,1185.0,1170.0,1175.0,940100
2026-04-24 16:00:00,1195.0,1195.0,1195.0,1195.0,3201600
2026-04-27 09:00:00,1195.0,1195.0,1175.0,1175.0,0
2026-04-27 09:05:00,1180.0,1180.0,1175.0,1175.0,800
2026-04-27 09:10:00,1175.0,1180.0,1175.0,1180.0,5000
2026-04-27 09:15:00,1180.0,1180.0,1175.0,1175.0,13300
2026-04-27 09:20:00,1180.0,1180.0,1175.0,1175.0,6100
2026-04-27 09:25:00,1180.0,1180.0,1175.0,1175.0,6800
2026-04-27 09:30:00,1175.0,1180.0,1175.0,1175.0,17200
2026-04-27 09:35:00,1180.0,1180.0,1175.0,1175.0,18000
2026-04-27 09:40:00,1180.0,1180.0,1175.0,1175.0,10300
2026-04-27 09:45:00,1180.0,1180.0,1175.0,1175.0,25500
2026-04-27 09:50:00,1180.0,1180.0,1175.0,1175.0,16700
2026-04-27 09:55:00,1175.0,1180.0,1170.0,1170.0,113400
2026-04-27 10:00:00,1175.0,1175.0,1170.0,1175.0,3100
2026-04-27 10:05:00,1170.0,1170.0,1170.0,1170.0,9000
2026-04-27 10:10:00,1170.0,1170.0,1170.0,1170.0,20400
2026-04-27 10:15:00,1170.0,1170.0,1165.0,1170.0,1600
2026-04-27 10:20:00,1170.0,1175.0,1170.0,1175.0,58100
2026-04-27 10:25:00,1175.0,1180.0,1175.0,1175.0,3200
2026-04-27 10:30:00,1175.0,1175.0,1175.0,1175.0,2400
2026-04-27 10:35:00,1180.0,1180.0,1175.0,1175.0,4900
2026-04-27 10:40:00,1180.0,1180.0,1175.0,1175.0,4600
2026-04-27 10:45:00,1175.0,1180.0,1175.0,1175.0,46700
2026-04-27 10:50:00,1175.0,1175.0,1175.0,1175.0,8700
2026-04-27 10:55:00,1175.0,1180.0,1175.0,1175.0,3300
2026-04-27 11:00:00,1175.0,1180.0,1175.0,1175.0,14600
2026-04-27 11:05:00,1175.0,1180.0,1175.0,1175.0,119000
2026-04-27 11:10:00,1175.0,1175.0,1175.0,1175.0,200
2026-04-27 11:15:00,1180.0,1180.0,1175.0,1175.0,600
2026-04-27 11:20:00,1180.0,1180.0,1175.0,1175.0,600
2026-04-27 11:25:00,1180.0,1180.0,1175.0,1180.0,78800
2026-04-27 11:30:00,1185.0,1185.0,1180.0,1180.0,3400
2026-04-27 11:35:00,1185.0,1185.0,1180.0,1180.0,4500
2026-04-27 11:40:00,1180.0,1185.0,1180.0,1180.0,2200
2026-04-27 11:45:00,1185.0,1185.0,1180.0,1180.0,15200
2026-04-27 11:55:00,1185.0,1185.0,1180.0,1180.0,6600
2026-04-27 13:30:00,1180.0,1185.0,1180.0,1180.0,112200
2026-04-27 13:35:00,1175.0,1180.0,1175.0,1175.0,47900
2026-04-27 13:40:00,1180.0,1180.0,1175.0,1175.0,0
2026-04-27 13:45:00,1180.0,1180.0,1175.0,1175.0,20200
2026-04-27 13:50:00,1180.0,1180.0,1180.0,1180.0,6600
2026-04-27 13:55:00,1175.0,1180.0,1175.0,1180.0,4100
2026-04-27 14:05:00,1180.0,1185.0,1180.0,1180.0,15600
2026-04-27 14:10:00,1180.0,1180.0,1175.0,1175.0,14000
2026-04-27 14:15:00,1180.0,1180.0,1175.0,1175.0,16100
2026-04-27 14:20:00,1175.0,1185.0,1170.0,1175.0,143800
2026-04-27 14:25:00,1175.0,1185.0,1175.0,1175.0,0
2026-04-27 14:30:00,1180.0,1180.0,1175.0,1175.0,3500
2026-04-27 14:35:00,1180.0,1185.0,1180.0,1180.0,20600
2026-04-27 14:40:00,1180.0,1180.0,1180.0,1180.0,18600
2026-04-27 14:45:00,1180.0,1185.0,1180.0,1180.0,0
2026-04-27 14:50:00,1180.0,1180.0,1180.0,1180.0,15500
2026-04-27 14:55:00,1185.0,1185.0,1180.0,1180.0,3800
2026-04-27 15:00:00,1185.0,1185.0,1180.0,1180.0,4700
2026-04-27 15:05:00,1185.0,1190.0,1180.0,1185.0,68800
2026-04-27 15:10:00,1190.0,1190.0,1185.0,1185.0,14500
2026-04-27 15:15:00,1190.0,1195.0,1185.0,1190.0,78500
2026-04-27 15:20:00,1185.0,1190.0,1185.0,1185.0,18600
2026-04-27 15:25:00,1190.0,1200.0,1185.0,1200.0,97600
2026-04-27 15:30:00,1200.0,1200.0,1195.0,1195.0,16800
2026-04-27 15:35:00,1195.0,1215.0,1190.0,1210.0,2431600
2026-04-27 15:40:00,1215.0,1255.0,1215.0,1230.0,5417500
2026-04-27 15:45:00,1235.0,1235.0,1210.0,1210.0,2779900
2026-04-27 16:00:00,1200.0,1200.0,1200.0,1200.0,337300
2026-04-27 16:05:00,1200.0,1200.0,1200.0,1200.0,0
2026-04-27 16:10:00,1200.0,1200.0,1200.0,1200.0,100
2026-04-28 09:00:00,1195.0,1195.0,1190.0,1195.0,0
2026-04-28 09:05:00,1190.0,1190.0,1185.0,1185.0,31800
2026-04-28 09:10:00,1185.0,1190.0,1185.0,1190.0,25800
2026-04-28 09:15:00,1190.0,1190.0,1190.0,1190.0,7500
2026-04-28 09:20:00,1185.0,1190.0,1185.0,1190.0,3600
2026-04-28 09:25:00,1190.0,1190.0,1190.0,1190.0,3800
2026-04-28 09:30:00,1190.0,1190.0,1185.0,1185.0,8700
2026-04-28 09:35:00,1185.0,1190.0,1185.0,1185.0,67600
2026-04-28 09:40:00,1185.0,1185.0,1185.0,1185.0,0
2026-04-28 09:45:00,1185.0,1185.0,1185.0,1185.0,1900
2026-04-28 09:50:00,1185.0,1185.0,1185.0,1185.0,1400
2026-04-28 09:55:00,1185.0,1190.0,1180.0,1180.0,40500
2026-04-28 10:00:00,1180.0,1190.0,1180.0,1190.0,123200
2026-04-28 10:05:00,1190.0,1190.0,1190.0,1190.0,15400
2026-04-28 10:10:00,1195.0,1195.0,1190.0,1190.0,55000
2026-04-28 10:15:00,1190.0,1190.0,1190.0,1190.0,0
2026-04-28 10:20:00,1195.0,1195.0,1195.0,1195.0,10800
2026-04-28 10:25:00,1195.0,1200.0,1195.0,1200.0,0
2026-04-28 10:30:00,1195.0,1195.0,1190.0,1190.0,22500
2026-04-28 10:45:00,1200.0,1200.0,1195.0,1195.0,1800
2026-04-28 10:50:00,1195.0,1195.0,1195.0,1195.0,2000
2026-04-28 10:55:00,1195.0,1195.0,1195.0,1195.0,0
2026-04-28 11:00:00,1195.0,1200.0,1195.0,1195.0,20800
2026-04-28 11:10:00,1200.0,1200.0,1195.0,1195.0,3100
2026-04-28 11:15:00,1200.0,1200.0,1195.0,1195.0,19700
2026-04-28 11:20:00,1195.0,1195.0,1195.0,1195.0,3800
2026-04-28 11:25:00,1195.0,1200.0,1195.0,1195.0,5400
2026-04-28 11:35:00,1195.0,1200.0,1195.0,1200.0,500
2026-04-28 11:40:00,1195.0,1195.0,1195.0,1195.0,1000
2026-04-28 13:30:00,1195.0,1195.0,1185.0,1185.0,244600
2026-04-28 13:55:00,1195.0,1195.0,1190.0,1190.0,1400
2026-04-28 14:05:00,1190.0,1190.0,1190.0,1190.0,1200
2026-04-28 14:10:00,1190.0,1195.0,1190.0,1190.0,35600
2026-04-28 14:20:00,1190.0,1195.0,1190.0,1190.0,21300
2026-04-28 14:25:00,1195.0,1195.0,1190.0,1190.0,10600
2026-04-28 14:30:00,1195.0,1195.0,1190.0,1190.0,15800
2026-04-28 14:35:00,1190.0,1195.0,1190.0,1190.0,1800
2026-04-28 14:40:00,1195.0,1195.0,1190.0,1190.0,22700
2026-04-28 14:45:00,1195.0,1195.0,1190.0,1190.0,46400
2026-04-28 14:50:00,1190.0,1195.0,1190.0,1190.0,57800
2026-04-28 14:55:00,1190.0,1195.0,1190.0,1190.0,52200
2026-04-28 15:00:00,1190.0,1195.0,1185.0,1185.0,180700
2026-04-28 15:05:00,1185.0,1190.0,1185.0,1185.0,64600
2026-04-28 15:10:00,1185.0,1190.0,1185.0,1185.0,45100
2026-04-28 15:15:00,1185.0,1185.0,1185.0,1185.0,49700
2026-04-28 15:20:00,1185.0,1185.0,1180.0,1180.0,238200
2026-04-28 15:25:00,1180.0,1185.0,1180.0,1180.0,59200
2026-04-28 15:30:00,1180.0,1185.0,1180.0,1180.0,90700
2026-04-28 15:35:00,1180.0,1185.0,1180.0,1185.0,156700
2026-04-28 15:40:00,1185.0,1190.0,1180.0,1185.0,114300
2026-04-28 15:45:00,1185.0,1190.0,1175.0,1180.0,394500
2026-04-28 16:00:00,1170.0,1170.0,1170.0,1170.0,610100
2026-04-28 16:05:00,1170.0,1170.0,1170.0,1170.0,0
2026-04-28 16:10:00,1170.0,1170.0,1170.0,1170.0,500
2026-04-29 09:00:00,1175.0,1175.0,1155.0,1160.0,344100
2026-04-29 09:05:00,1170.0,1170.0,1165.0,1165.0,7900
2026-04-29 09:10:00,1165.0,1165.0,1165.0,1165.0,0
2026-04-29 09:15:00,1170.0,1170.0,1165.0,1165.0,18800
2026-04-29 09:20:00,1170.0,1170.0,1155.0,1160.0,179900
2026-04-29 09:25:00,1160.0,1165.0,1160.0,1160.0,3600
2026-04-29 09:30:00,1160.0,1160.0,1160.0,1160.0,200
2026-04-29 09:35:00,1165.0,1165.0,1155.0,1155.0,59200
2026-04-29 09:40:00,1155.0,1160.0,1155.0,1160.0,193900
2026-04-29 09:50:00,1165.0,1165.0,1160.0,1160.0,21100
2026-04-29 09:55:00,1165.0,1165.0,1160.0,1160.0,4500
2026-04-29 10:00:00,1160.0,1165.0,1160.0,1160.0,2900
2026-04-29 10:05:00,1165.0,1165.0,1160.0,1160.0,300
2026-04-29 10:10:00,1165.0,1165.0,1160.0,1165.0,4900
2026-04-29 10:15:00,1160.0,1165.0,1160.0,1165.0,1400
2026-04-29 10:20:00,1160.0,1165.0,1155.0,1155.0,324000
2026-04-29 10:30:00,1160.0,1160.0,1155.0,1155.0,40600
2026-04-29 10:35:00,1160.0,1160.0,1160.0,1160.0,1000
2026-04-29 10:40:00,1155.0,1160.0,1140.0,1145.0,1037800
2026-04-29 10:45:00,1150.0,1150.0,1145.0,1145.0,23200
2026-04-29 10:50:00,1150.0,1150.0,1145.0,1145.0,145500
2026-04-29 10:55:00,1150.0,1150.0,1145.0,1150.0,500
2026-04-29 11:00:00,1145.0,1145.0,1140.0,1140.0,161000
2026-04-29 11:05:00,1145.0,1145.0,1140.0,1140.0,1700
2026-04-29 11:10:00,1145.0,1145.0,1140.0,1140.0,500
2026-04-29 11:15:00,1145.0,1145.0,1140.0,1140.0,2200
2026-04-29 11:20:00,1145.0,1145.0,1140.0,1145.0,8800
2026-04-29 11:25:00,1140.0,1145.0,1140.0,1140.0,34100
2026-04-29 11:30:00,1145.0,1150.0,1140.0,1150.0,192700
2026-04-29 11:35:00,1150.0,1150.0,1145.0,1150.0,105100
2026-04-29 11:40:00,1150.0,1150.0,1145.0,1145.0,22400
2026-04-29 11:45:00,1150.0,1150.0,1145.0,1150.0,13300
2026-04-29 11:50:00,1145.0,1150.0,1145.0,1150.0,0
2026-04-29 11:55:00,1150.0,1150.0,1145.0,1145.0,2800
2026-04-29 13:30:00,1150.0,1155.0,1145.0,1155.0,269000
2026-04-29 13:35:00,1155.0,1155.0,1150.0,1150.0,115000
2026-04-29 13:40:00,1150.0,1155.0,1150.0,1150.0,17700
2026-04-29 13:45:00,1150.0,1150.0,1150.0,1150.0,50200
2026-04-29 13:50:00,1155.0,1155.0,1155.0,1155.0,200
2026-04-29 13:55:00,1155.0,1155.0,1150.0,1150.0,5100
2026-04-29 14:00:00,1150.0,1155.0,1150.0,1155.0,4400
2026-04-29 14:05:00,1155.0,1155.0,1150.0,1150.0,8300
2026-04-29 14:10:00,1150.0,1155.0,1150.0,1150.0,22200
2026-04-29 14:15:00,1155.0,1155.0,1150.0,1150.0,3400
2026-04-29 14:20:00,1155.0,1155.0,1150.0,1150.0,146800
2026-04-29 14:30:00,1150.0,1155.0,1150.0,1150.0,16800
2026-04-29 14:35:00,1155.0,1155.0,1145.0,1145.0,178000
2026-04-29 14:40:00,1150.0,1150.0,1145.0,1150.0,6600
2026-04-29 14:45:00,1150.0,1150.0,1145.0,1145.0,11800
2026-04-29 14:50:00,1150.0,1150.0,1145.0,1145.0,23400
2026-04-29 14:55:00,1150.0,1150.0,1145.0,1150.0,10000
2026-04-29 15:00:00,1145.0,1150.0,1145.0,1145.0,2700
2026-04-29 15:05:00,1150.0,1155.0,1145.0,1150.0,36700
2026-04-29 15:10:00,1155.0,1155.0,1150.0,1155.0,13100
2026-04-29 15:15:00,1155.0,1155.0,1145.0,1145.0,76100
2026-04-29 15:20:00,1145.0,1145.0,1145.0,1145.0,200
2026-04-29 15:25:00,1155.0,1155.0,1150.0,1155.0,7100
2026-04-29 15:30:00,1150.0,1150.0,1145.0,1145.0,71200
2026-04-29 15:35:00,1150.0,1150.0,1145.0,1150.0,5800
2026-04-29 15:40:00,1150.0,1160.0,1145.0,1155.0,396100
2026-04-29 15:45:00,1160.0,1185.0,1150.0,1170.0,7956200
2026-04-29 16:00:00,1170.0,1170.0,1170.0,1170.0,1520600
2026-04-29 16:10:00,1170.0,1170.0,1170.0,1170.0,1000
2026-04-30 09:00:00,1170.0,1170.0,1155.0,1165.0,0
2026-04-30 09:05:00,1155.0,1170.0,1155.0,1170.0,191000
2026-04-30 09:10:00,1165.0,1165.0,1165.0,1165.0,0
2026-04-30 09:15:00,1165.0,1170.0,1160.0,1160.0,7400
2026-04-30 09:20:00,1160.0,1170.0,1155.0,1155.0,56600
2026-04-30 09:25:00,1170.0,1170.0,1160.0,1160.0,500
2026-04-30 09:30:00,1165.0,1170.0,1160.0,1170.0,247400
2026-04-30 09:35:00,1165.0,1170.0,1160.0,1160.0,33800
2026-04-30 09:40:00,1160.0,1165.0,1160.0,1160.0,18100
2026-04-30 09:45:00,1165.0,1165.0,1155.0,1155.0,316200
2026-04-30 09:50:00,1160.0,1165.0,1160.0,1160.0,82400
2026-04-30 09:55:00,1160.0,1160.0,1155.0,1160.0,111000
2026-04-30 10:00:00,1160.0,1165.0,1155.0,1155.0,34200
2026-04-30 10:05:00,1165.0,1165.0,1165.0,1165.0,42200
2026-04-30 10:10:00,1160.0,1160.0,1160.0,1160.0,500
2026-04-30 10:15:00,1160.0,1165.0,1155.0,1160.0,149700
2026-04-30 10:20:00,1165.0,1165.0,1160.0,1160.0,4100
2026-04-30 10:25:00,1160.0,1160.0,1155.0,1155.0,8000
2026-04-30 10:30:00,1160.0,1160.0,1155.0,1155.0,32900
2026-04-30 10:35:00,1155.0,1160.0,1155.0,1155.0,37400
2026-04-30 10:40:00,1155.0,1160.0,1155.0,1155.0,35800
2026-04-30 10:45:00,1155.0,1155.0,1155.0,1155.0,40000
2026-04-30 10:50:00,1155.0,1155.0,1155.0,1155.0,76000
2026-04-30 10:55:00,1155.0,1160.0,1150.0,1155.0,51800
2026-04-30 11:00:00,1150.0,1150.0,1150.0,1150.0,134300
2026-04-30 11:05:00,1150.0,1150.0,1150.0,1150.0,42600
2026-04-30 11:10:00,1150.0,1150.0,1150.0,1150.0,56900
2026-04-30 11:15:00,1150.0,1155.0,1150.0,1150.0,51200
2026-04-30 11:20:00,1150.0,1155.0,1150.0,1150.0,45000
2026-04-30 11:25:00,1150.0,1155.0,1150.0,1150.0,46600
2026-04-30 11:30:00,1150.0,1155.0,1150.0,1150.0,50600
2026-04-30 11:35:00,1150.0,1155.0,1150.0,1150.0,60500
2026-04-30 11:40:00,1150.0,1150.0,1150.0,1150.0,42600
2026-04-30 11:45:00,1150.0,1155.0,1150.0,1150.0,67700
2026-04-30 11:50:00,1150.0,1155.0,1150.0,1150.0,36200
2026-04-30 11:55:00,1155.0,1155.0,1150.0,1150.0,156600
2026-04-30 13:30:00,1150.0,1155.0,1145.0,1145.0,47000
2026-04-30 13:35:00,1150.0,1150.0,1145.0,1145.0,33200
2026-04-30 13:40:00,1145.0,1145.0,1145.0,1145.0,21100
2026-04-30 13:45:00,1145.0,1150.0,1145.0,1145.0,53900
2026-04-30 13:50:00,1145.0,1150.0,1145.0,1145.0,47900
2026-04-30 13:55:00,1145.0,1150.0,1145.0,1145.0,63200
2026-04-30 14:00:00,1150.0,1150.0,1145.0,1145.0,64500
2026-04-30 14:05:00,1150.0,1150.0,1145.0,1145.0,62200
2026-04-30 14:10:00,1145.0,1150.0,1145.0,1145.0,64700
2026-04-30 14:15:00,1145.0,1150.0,1145.0,1145.0,59500
2026-04-30 14:20:00,1145.0,1150.0,1145.0,1145.0,44300
2026-04-30 14:25:00,1145.0,1145.0,1140.0,1140.0,179700
2026-04-30 14:30:00,1140.0,1140.0,1140.0,1140.0,316000
2026-04-30 14:35:00,1140.0,1140.0,1140.0,1140.0,50000
2026-04-30 14:40:00,1140.0,1145.0,1100.0,1105.0,2703600
2026-04-30 14:45:00,1105.0,1120.0,1070.0,1075.0,1826400
2026-04-30 14:50:00,1070.0,1110.0,1070.0,1105.0,2375200
2026-04-30 14:55:00,1110.0,1120.0,1110.0,1115.0,485600
2026-04-30 15:00:00,1115.0,1115.0,1105.0,1105.0,354700
2026-04-30 15:05:00,1105.0,1105.0,1095.0,1105.0,374800
2026-04-30 15:10:00,1105.0,1105.0,1095.0,1100.0,320100
2026-04-30 15:15:00,1100.0,1105.0,1100.0,1105.0,300000
2026-04-30 15:20:00,1110.0,1110.0,1095.0,1105.0,381900
2026-04-30 15:25:00,1105.0,1105.0,1105.0,1105.0,191100
2026-04-30 15:30:00,1105.0,1205.0,1105.0,1200.0,12237600
2026-04-30 15:35:00,1200.0,1200.0,1150.0,1150.0,5093700
2026-04-30 15:40:00,1150.0,1155.0,1135.0,1145.0,295600
2026-04-30 15:45:00,1145.0,1150.0,1135.0,1140.0,298500
2026-04-30 16:00:00,1150.0,1150.0,1150.0,1150.0,4879800
2026-04-30 16:05:00,1150.0,1150.0,1150.0,1150.0,1600
2026-04-30 16:10:00,1150.0,1150.0,1150.0,1150.0,1500
2026-05-04 09:00:00,1135.0,1150.0,1130.0,1130.0,0
2026-05-04 09:05:00,1130.0,1140.0,1125.0,1125.0,98000
2026-05-04 09:10:00,1125.0,1135.0,1125.0,1125.0,273400
2026-05-04 09:15:00,1135.0,1145.0,1125.0,1135.0,62800
2026-05-04 09:20:00,1135.0,1145.0,1135.0,1135.0,19100
2026-05-04 09:25:00,1140.0,1140.0,1135.0,1135.0,8000
2026-05-04 09:30:00,1135.0,1140.0,1135.0,1135.0,11200
2026-05-04 09:35:00,1135.0,1140.0,1135.0,1140.0,3900
2026-05-04 09:40:00,1135.0,1140.0,1135.0,1135.0,5400
2026-05-04 09:45:00,1135.0,1140.0,1135.0,1135.0,4500
2026-05-04 09:50:00,1140.0,1140.0,1135.0,1140.0,38000
2026-05-04 09:55:00,1140.0,1140.0,1135.0,1140.0,30200
2026-05-04 10:00:00,1135.0,1140.0,1135.0,1135.0,23600
2026-05-04 10:05:00,1140.0,1140.0,1135.0,1135.0,29600
2026-05-04 10:10:00,1135.0,1135.0,1130.0,1135.0,23600
2026-05-04 10:15:00,1140.0,1150.0,1135.0,1140.0,122600
2026-05-04 10:20:00,1145.0,1155.0,1140.0,1145.0,131100
2026-05-04 10:25:00,1145.0,1145.0,1135.0,1140.0,77100
2026-05-04 10:30:00,1140.0,1145.0,1140.0,1140.0,34400
2026-05-04 10:35:00,1140.0,1150.0,1140.0,1140.0,17300
2026-05-04 10:40:00,1150.0,1155.0,1140.0,1140.0,131900
2026-05-04 10:45:00,1145.0,1145.0,1140.0,1145.0,3300
2026-05-04 10:50:00,1140.0,1145.0,1140.0,1140.0,300
2026-05-04 10:55:00,1145.0,1145.0,1145.0,1145.0,100
2026-05-04 11:00:00,1140.0,1140.0,1135.0,1135.0,25700
2026-05-04 11:05:00,1140.0,1140.0,1135.0,1135.0,0
2026-05-04 11:10:00,1140.0,1140.0,1135.0,1135.0,3300
2026-05-04 11:15:00,1140.0,1145.0,1135.0,1140.0,97100
2026-05-04 11:20:00,1145.0,1145.0,1140.0,1140.0,17300
2026-05-04 11:25:00,1145.0,1145.0,1140.0,1140.0,7000
2026-05-04 11:30:00,1140.0,1140.0,1135.0,1135.0,15300
2026-05-04 11:35:00,1140.0,1140.0,1135.0,1135.0,400
2026-05-04 11:40:00,1135.0,1140.0,1135.0,1135.0,3600
2026-05-04 11:45:00,1135.0,1140.0,1135.0,1135.0,3500
2026-05-04 11:50:00,1135.0,1140.0,1135.0,1135.0,88800
2026-05-04 11:55:00,1140.0,1140.0,1135.0,1135.0,1300
2026-05-04 13:30:00,1140.0,1140.0,1130.0,1130.0,45200
2026-05-04 13:35:00,1135.0,1135.0,1130.0,1130.0,44400
2026-05-04 13:40:00,1140.0,1140.0,1130.0,1130.0,400
2026-05-04 13:45:00,1135.0,1140.0,1135.0,1135.0,20900
2026-05-04 13:50:00,1135.0,1135.0,1125.0,1135.0,177700
2026-05-04 13:55:00,1135.0,1140.0,1130.0,1135.0,70200
2026-05-04 14:00:00,1135.0,1140.0,1135.0,1135.0,600
2026-05-04 14:05:00,1135.0,1135.0,1130.0,1130.0,26000
2026-05-04 14:10:00,1135.0,1140.0,1130.0,1140.0,151200
2026-05-04 14:15:00,1145.0,1145.0,1135.0,1135.0,22200
2026-05-04 14:20:00,1135.0,1135.0,1135.0,1135.0,22800
2026-05-04 14:25:00,1135.0,1135.0,1125.0,1130.0,329700
2026-05-04 14:30:00,1125.0,1135.0,1125.0,1130.0,527400
2026-05-04 14:35:00,1125.0,1135.0,1125.0,1130.0,225100
2026-05-04 14:40:00,1130.0,1130.0,1125.0,1130.0,51400
2026-05-04 14:45:00,1130.0,1130.0,1125.0,1125.0,242800
2026-05-04 14:50:00,1130.0,1130.0,1125.0,1125.0,61800
2026-05-04 14:55:00,1130.0,1130.0,1130.0,1130.0,11900
2026-05-04 15:00:00,1125.0,1130.0,1125.0,1130.0,328300
2026-05-04 15:10:00,1135.0,1135.0,1125.0,1125.0,289000
2026-05-04 15:15:00,1130.0,1130.0,1130.0,1130.0,16600
2026-05-04 15:20:00,1135.0,1135.0,1130.0,1130.0,2900
2026-05-04 15:25:00,1130.0,1135.0,1130.0,1130.0,17900
2026-05-04 15:30:00,1135.0,1135.0,1125.0,1130.0,151700
2026-05-04 15:35:00,1130.0,1135.0,1130.0,1130.0,86200
2026-05-04 15:40:00,1135.0,1135.0,1125.0,1130.0,787800
2026-05-04 15:45:00,1135.0,1135.0,1125.0,1125.0,252500
2026-05-04 16:00:00,1110.0,1110.0,1110.0,1110.0,613900
2026-05-04 16:05:00,1110.0,1110.0,1110.0,1110.0,0
2026-05-05 09:00:00,1105.0,1110.0,1085.0,1085.0,119100
2026-05-05 09:05:00,1090.0,1095.0,1085.0,1085.0,456400
2026-05-05 09:10:00,1090.0,1095.0,1090.0,1095.0,20800
2026-05-05 09:15:00,1090.0,1095.0,1085.0,1090.0,39000
2026-05-05 09:20:00,1095.0,1095.0,1090.0,1095.0,19500
2026-05-05 09:25:00,1095.0,1095.0,1090.0,1090.0,5200
2026-05-05 09:30:00,1095.0,1095.0,1090.0,1090.0,154500
2026-05-05 09:35:00,1095.0,1095.0,1090.0,1095.0,900
2026-05-05 09:40:00,1090.0,1095.0,1090.0,1095.0,18400
2026-05-05 09:45:00,1095.0,1095.0,1090.0,1090.0,73300
2026-05-05 09:50:00,1090.0,1095.0,1090.0,1090.0,13000
2026-05-05 09:55:00,1095.0,1095.0,1090.0,1090.0,37500
2026-05-05 10:00:00,1095.0,1095.0,1090.0,1090.0,37400
2026-05-05 10:05:00,1095.0,1095.0,1090.0,1090.0,16400
2026-05-05 10:10:00,1095.0,1095.0,1090.0,1090.0,12500
2026-05-05 10:15:00,1090.0,1095.0,1090.0,1090.0,13000
2026-05-05 10:20:00,1095.0,1095.0,1090.0,1090.0,10600
2026-05-05 10:25:00,1090.0,1095.0,1090.0,1090.0,12300
2026-05-05 10:30:00,1095.0,1095.0,1090.0,1090.0,15500
2026-05-05 10:35:00,1095.0,1095.0,1090.0,1090.0,48500
2026-05-05 10:40:00,1090.0,1095.0,1090.0,1090.0,11400
2026-05-05 10:45:00,1095.0,1095.0,1090.0,1090.0,22900
2026-05-05 10:50:00,1095.0,1095.0,1090.0,1090.0,10100
2026-05-05 10:55:00,1095.0,1095.0,1090.0,1090.0,38700
2026-05-05 11:00:00,1090.0,1095.0,1090.0,1090.0,29600
2026-05-05 11:05:00,1095.0,1095.0,1090.0,1090.0,27500
2026-05-05 11:10:00,1090.0,1095.0,1090.0,1090.0,41300
2026-05-05 11:15:00,1090.0,1090.0,1085.0,1085.0,19400
2026-05-05 11:20:00,1090.0,1095.0,1090.0,1095.0,65900
2026-05-05 11:25:00,1095.0,1095.0,1095.0,1095.0,4100
2026-05-05 11:30:00,1095.0,1095.0,1095.0,1095.0,4600
2026-05-05 11:35:00,1095.0,1095.0,1095.0,1095.0,1300
2026-05-05 11:40:00,1095.0,1095.0,1095.0,1095.0,3000
2026-05-05 11:45:00,1095.0,1095.0,1095.0,1095.0,600
2026-05-05 11:50:00,1095.0,1095.0,1095.0,1095.0,1400
2026-05-05 11:55:00,1095.0,1095.0,1090.0,1090.0,9900
